round,client_id,local_accuracy,loss,communication_cost_mb,computation_time_s,data_samples,model_size_mb,privacy_budget_remaining
1,satellite_cluster_1,0.639,0.097,1099.3,96.2,4186,122.1,1.35
1,satellite_cluster_2,0.6406,0.7658,909.6,103.1,1897,75.9,0.26
1,uav_swarm_1,0.6111,0.3789,600.1,102.4,2535,53.7,0.47
1,uav_swarm_2,0.6246,0.6137,517.0,106.2,1274,109.1,1.98
1,ground_nodes,0.5926,0.7429,348.9,87.4,3354,107.3,1.05
2,satellite_cluster_1,0.6357,0.8471,902.1,84.3,3458,100.8,1.1
2,satellite_cluster_2,0.6458,0.7386,1065.5,22.5,4872,79.3,0.85
2,uav_swarm_1,0.6437,0.3573,509.9,90.6,4553,86.7,1.13
2,uav_swarm_2,0.6327,0.3084,403.3,28.5,3522,143.3,1.03
2,ground_nodes,0.6413,0.7304,211.3,89.2,3056,62.0,1.12
3,satellite_cluster_1,0.6238,1.0286,1092.3,67.4,2536,94.4,1.89
3,satellite_cluster_2,0.6309,0.8521,892.5,90.8,2718,116.8,0.44
3,uav_swarm_1,0.6477,0.5514,528.1,83.7,1783,127.2,1.77
3,uav_swarm_2,0.6388,0.8767,518.3,107.7,4231,89.7,0.57
3,ground_nodes,0.5822,0.3355,323.3,116.8,3392,68.9,1.39
4,satellite_cluster_1,0.652,0.3653,938.9,84.9,2463,139.0,0.94
4,satellite_cluster_2,0.6519,0.6198,995.4,76.4,3273,138.6,1.69
4,uav_swarm_1,0.6558,0.541,789.7,15.1,1694,76.3,0.41
4,uav_swarm_2,0.6399,1.0889,480.1,45.2,3305,127.9,0.14
4,ground_nodes,0.6303,0.7844,343.6,98.9,4851,121.6,1.37
5,satellite_cluster_1,0.6973,0.3932,815.3,78.4,4652,79.9,0.7
5,satellite_cluster_2,0.6515,0.5098,1090.6,101.9,3340,84.2,1.56
5,uav_swarm_1,0.6632,0.5479,611.1,66.9,1153,143.4,1.09
5,uav_swarm_2,0.6229,0.226,771.8,29.0,3787,111.5,1.02
5,ground_nodes,0.6369,0.4181,324.2,44.3,1485,121.9,1.18
6,satellite_cluster_1,0.6467,0.6285,1153.0,74.1,3016,117.8,0.89
6,satellite_cluster_2,0.6381,0.8907,910.9,119.6,3532,53.4,1.16
6,uav_swarm_1,0.6692,0.6938,536.1,10.7,2501,103.7,1.7
6,uav_swarm_2,0.6477,0.4001,494.8,59.2,1623,55.5,0.37
6,ground_nodes,0.6237,0.6299,291.9,16.0,2147,143.1,0.11
7,satellite_cluster_1,0.6737,0.5736,855.9,20.6,3634,120.8,0.98
7,satellite_cluster_2,0.6557,0.6438,1183.8,52.4,3945,58.8,1.3
7,uav_swarm_1,0.644,0.5692,641.5,28.0,1985,130.6,1.98
7,uav_swarm_2,0.6369,0.1269,418.6,11.5,1809,116.2,0.4
7,ground_nodes,0.6305,0.6156,227.6,37.2,2340,117.0,1.93
8,satellite_cluster_1,0.6958,1.1227,805.8,18.9,2292,89.2,1.46
8,satellite_cluster_2,0.6952,0.9494,913.0,51.6,4512,114.8,0.74
8,uav_swarm_1,0.6847,0.4712,519.4,111.6,2698,52.6,0.75
8,uav_swarm_2,0.6623,0.5065,607.3,60.1,4911,78.8,1.31
8,ground_nodes,0.6317,0.1886,219.9,103.8,2420,52.4,1.2
9,satellite_cluster_1,0.6481,0.5773,971.6,81.7,2331,70.3,0.38
9,satellite_cluster_2,0.6863,0.7538,874.6,39.6,3071,95.4,1.37
9,uav_swarm_1,0.6477,0.0412,796.3,37.2,1017,75.7,0.14
9,uav_swarm_2,0.6645,0.2246,492.0,66.8,2915,112.4,1.34
9,ground_nodes,0.6615,0.3121,386.0,69.5,4654,122.8,0.96
10,satellite_cluster_1,0.6977,0.0767,838.0,32.1,2137,131.4,0.17
10,satellite_cluster_2,0.725,0.6087,883.0,109.6,3367,88.3,1.75
10,uav_swarm_1,0.6389,1.0859,426.9,61.1,4694,134.2,0.53
10,uav_swarm_2,0.6479,0.7236,734.6,66.4,3724,92.1,0.88
10,ground_nodes,0.6532,0.3869,159.0,16.1,1591,51.5,1.19
11,satellite_cluster_1,0.6553,0.1051,873.2,57.3,1835,85.8,0.12
11,satellite_cluster_2,0.735,1.0602,1061.5,52.6,4075,88.9,0.89
11,uav_swarm_1,0.6714,0.5702,605.0,72.1,4276,132.3,0.5
11,uav_swarm_2,0.647,0.2219,560.1,26.6,3024,77.5,0.24
11,ground_nodes,0.6661,1.0593,369.0,118.1,2995,75.8,1.78
12,satellite_cluster_1,0.6662,0.6182,907.6,98.3,3752,149.2,0.35
12,satellite_cluster_2,0.6856,0.8853,996.9,106.9,4109,123.2,0.92
12,uav_swarm_1,0.704,0.9775,707.6,59.1,3476,61.4,0.88
12,uav_swarm_2,0.7113,0.7787,471.4,18.8,4122,81.4,1.3
12,ground_nodes,0.68,0.2532,128.5,20.4,3403,126.9,1.23
13,satellite_cluster_1,0.6756,0.248,848.8,66.1,3076,149.8,1.79
13,satellite_cluster_2,0.7018,0.3198,1059.1,33.0,1912,88.1,0.37
13,uav_swarm_1,0.7185,0.732,772.8,40.7,3723,67.1,0.25
13,uav_swarm_2,0.7104,0.706,730.6,110.5,1094,133.2,0.39
13,ground_nodes,0.6646,0.3841,240.5,75.8,1132,52.6,1.41
14,satellite_cluster_1,0.7184,0.5462,893.6,19.3,2693,51.9,0.17
14,satellite_cluster_2,0.7007,0.7012,964.3,12.0,3636,120.9,0.48
14,uav_swarm_1,0.7088,0.1937,487.9,58.3,2417,82.3,1.69
14,uav_swarm_2,0.7157,0.1167,454.8,85.6,1660,77.4,0.7
14,ground_nodes,0.6785,0.3243,162.9,60.1,4320,120.5,1.5
15,satellite_cluster_1,0.6901,0.1075,1196.4,21.2,1278,86.4,1.54
15,satellite_cluster_2,0.7279,0.1761,815.9,102.3,1771,134.3,0.86
15,uav_swarm_1,0.6513,0.6664,520.2,98.4,2525,95.6,1.8
15,uav_swarm_2,0.7254,0.4977,720.5,55.2,1307,124.5,0.51
15,ground_nodes,0.6595,0.9257,338.2,106.2,1532,59.9,0.62
16,satellite_cluster_1,0.7078,0.7789,1189.2,117.8,4263,144.2,1.79
16,satellite_cluster_2,0.7213,0.3657,1122.3,39.9,2728,137.0,0.36
16,uav_swarm_1,0.703,0.4505,784.1,86.2,4916,127.4,0.78
16,uav_swarm_2,0.7158,0.17,531.1,104.6,4395,75.7,1.9
16,ground_nodes,0.6956,0.3972,200.0,59.4,1761,74.1,0.35
17,satellite_cluster_1,0.714,0.5518,932.5,41.1,1697,111.0,1.21
17,satellite_cluster_2,0.716,0.1904,925.5,25.6,4336,123.9,1.8
17,uav_swarm_1,0.7403,0.253,566.3,103.5,2359,138.4,1.74
17,uav_swarm_2,0.7529,0.0844,790.4,68.6,4036,141.3,0.88
17,ground_nodes,0.6911,0.5944,174.3,98.8,1331,88.9,0.19
18,satellite_cluster_1,0.7346,0.8804,879.4,64.4,3881,112.7,1.4
18,satellite_cluster_2,0.7317,0.3847,807.2,63.1,3883,78.0,1.49
18,uav_swarm_1,0.7024,0.3426,611.9,41.9,4444,117.9,1.97
18,uav_swarm_2,0.715,0.4658,443.1,38.9,3936,136.7,0.54
18,ground_nodes,0.7162,0.9011,391.3,51.1,2023,63.4,0.69
19,satellite_cluster_1,0.7614,0.7792,961.7,106.3,2660,120.4,1.33
19,satellite_cluster_2,0.7405,0.4586,808.9,43.4,2463,128.1,0.8
19,uav_swarm_1,0.736,0.1554,478.7,108.5,4871,129.5,0.44
19,uav_swarm_2,0.7044,0.9503,560.9,96.2,1180,98.0,1.03
19,ground_nodes,0.7155,0.537,127.4,12.1,3910,118.6,0.93
20,satellite_cluster_1,0.7457,0.3501,1121.0,63.5,1822,115.9,1.83
20,satellite_cluster_2,0.7273,0.7164,800.7,34.6,2417,78.9,0.38
20,uav_swarm_1,0.6803,0.6008,749.4,53.4,4876,62.0,0.54
20,uav_swarm_2,0.7503,0.2836,633.0,85.8,3127,56.6,0.46
20,ground_nodes,0.7285,0.4582,213.2,83.0,2389,93.5,1.9
21,satellite_cluster_1,0.7613,0.4725,1124.3,117.9,4151,51.6,1.16
21,satellite_cluster_2,0.7426,0.2142,1025.1,44.5,1267,122.7,1.86
21,uav_swarm_1,0.7208,0.625,499.7,47.6,4545,105.1,0.78
21,uav_swarm_2,0.7348,0.2012,610.1,32.3,1148,102.7,0.72
21,ground_nodes,0.7172,0.2089,176.0,110.0,2469,112.9,0.39
22,satellite_cluster_1,0.7645,0.8546,809.8,55.3,3613,118.4,0.78
22,satellite_cluster_2,0.739,0.5306,956.3,97.0,4483,147.9,0.12
22,uav_swarm_1,0.7092,1.036,743.9,37.7,2670,111.4,1.61
22,uav_swarm_2,0.7101,0.9274,644.6,86.6,2205,131.5,1.04
22,ground_nodes,0.7043,0.6346,110.1,25.5,4820,52.6,0.74
23,satellite_cluster_1,0.767,0.0221,1138.9,58.5,1761,117.2,1.81
23,satellite_cluster_2,0.7079,0.0178,1113.8,20.3,1036,127.1,1.7
23,uav_swarm_1,0.7699,0.8766,411.3,101.1,2894,97.9,1.08
23,uav_swarm_2,0.7291,0.3969,634.5,94.1,3290,83.8,0.9
23,ground_nodes,0.664,0.8586,181.2,13.2,1145,144.6,1.87
24,satellite_cluster_1,0.7394,0.4407,868.7,16.5,3867,63.1,1.42
24,satellite_cluster_2,0.7478,0.0791,826.0,100.8,2359,120.4,1.16
24,uav_swarm_1,0.7379,0.1233,450.7,72.3,1700,96.2,1.89
24,uav_swarm_2,0.6836,0.173,714.0,100.4,4756,68.0,0.99
24,ground_nodes,0.7763,0.3591,349.0,15.4,4912,99.0,1.55
25,satellite_cluster_1,0.7485,0.8044,1156.9,61.8,1570,65.9,1.64
25,satellite_cluster_2,0.7504,0.349,981.3,66.9,3529,115.1,1.94
25,uav_swarm_1,0.7446,0.831,425.1,62.4,4038,89.7,1.51
25,uav_swarm_2,0.7109,0.8984,468.3,35.0,3274,66.1,0.75
25,ground_nodes,0.7549,0.0198,120.0,101.3,2950,99.2,1.95
26,satellite_cluster_1,0.7813,0.0101,836.1,76.7,3949,147.0,1.52
26,satellite_cluster_2,0.7247,0.8053,910.2,98.8,2348,99.9,1.87
26,uav_swarm_1,0.7737,1.2096,581.8,33.0,2414,92.4,0.23
26,uav_swarm_2,0.752,0.4726,537.6,119.7,3594,95.2,0.35
26,ground_nodes,0.7722,0.6232,145.0,72.9,2677,113.0,1.82
27,satellite_cluster_1,0.794,0.3802,907.3,86.8,1588,80.9,0.35
27,satellite_cluster_2,0.7737,0.1064,825.6,104.9,3007,92.0,0.46
27,uav_swarm_1,0.7805,0.2322,667.7,17.9,2818,70.7,1.34
27,uav_swarm_2,0.7312,0.4025,675.6,72.2,4719,81.0,0.56
27,ground_nodes,0.7569,0.4093,290.9,90.4,4212,144.5,0.37
28,satellite_cluster_1,0.7447,0.9608,1182.7,46.3,1214,118.6,1.54
28,satellite_cluster_2,0.8137,0.6542,1181.3,21.1,4454,102.0,0.66
28,uav_swarm_1,0.7511,0.0187,468.4,106.1,4676,117.7,1.09
28,uav_swarm_2,0.7495,0.6297,556.8,63.9,4067,142.8,1.87
28,ground_nodes,0.7688,0.7331,127.4,66.5,2485,143.4,0.26
29,satellite_cluster_1,0.7758,0.5202,1176.5,105.4,1256,147.8,1.99
29,satellite_cluster_2,0.749,0.5632,926.4,56.7,4918,110.9,1.86
29,uav_swarm_1,0.789,0.8246,714.8,22.8,2595,141.6,0.65
29,uav_swarm_2,0.7744,0.1761,685.0,85.7,1068,64.9,0.89
29,ground_nodes,0.7196,0.4637,206.9,27.9,1843,92.4,0.4
30,satellite_cluster_1,0.8022,0.2178,809.0,58.9,2539,89.2,1.28
30,satellite_cluster_2,0.7491,0.0099,1030.8,26.7,3651,63.6,1.79
30,uav_swarm_1,0.7889,0.4757,634.3,84.2,4869,135.9,1.23
30,uav_swarm_2,0.7886,0.3385,721.0,103.0,2244,59.6,1.84
30,ground_nodes,0.763,0.2895,224.0,54.6,4051,106.3,0.78
31,satellite_cluster_1,0.7617,0.2388,1065.7,56.1,2992,115.6,1.78
31,satellite_cluster_2,0.8404,0.1916,1167.6,109.0,4018,70.2,1.91
31,uav_swarm_1,0.7463,0.4344,479.5,40.9,1241,57.0,1.39
31,uav_swarm_2,0.762,0.1924,424.6,39.7,4666,81.3,0.3
31,ground_nodes,0.7691,0.3539,339.3,69.2,1258,134.7,0.12
32,satellite_cluster_1,0.8018,0.4414,1096.1,69.7,3212,56.6,0.8
32,satellite_cluster_2,0.8185,0.4943,1129.3,106.7,2240,90.8,1.41
32,uav_swarm_1,0.79,0.1098,751.0,56.0,1820,92.4,1.19
32,uav_swarm_2,0.7711,0.7482,792.5,93.5,4100,51.5,0.41
32,ground_nodes,0.7895,0.5026,106.1,76.5,1988,84.5,0.59
33,satellite_cluster_1,0.7658,0.2428,896.0,108.4,3725,90.9,0.65
33,satellite_cluster_2,0.7999,0.6659,982.8,76.7,1110,85.8,0.82
33,uav_swarm_1,0.8047,0.1736,621.4,64.6,2143,94.0,0.27
33,uav_swarm_2,0.7609,0.7085,478.8,55.4,4691,100.0,0.31
33,ground_nodes,0.7498,0.3142,369.1,53.4,4849,138.0,0.92
34,satellite_cluster_1,0.7834,0.4735,999.2,71.0,1521,51.3,0.43
34,satellite_cluster_2,0.7908,0.509,825.4,34.3,1174,99.8,0.51
34,uav_swarm_1,0.7792,0.3693,457.5,88.1,3715,89.9,1.82
34,uav_swarm_2,0.7775,0.7794,674.6,55.8,4605,58.7,0.52
34,ground_nodes,0.7667,0.1096,297.5,39.0,2018,79.3,0.11
35,satellite_cluster_1,0.7842,0.4492,1165.4,55.7,1976,142.8,1.67
35,satellite_cluster_2,0.7738,0.2735,905.1,65.5,2626,136.4,1.38
35,uav_swarm_1,0.7979,0.135,602.4,88.9,1559,92.7,1.79
35,uav_swarm_2,0.788,0.8628,676.6,107.2,4928,132.4,1.4
35,ground_nodes,0.7974,0.7817,382.8,101.5,1818,90.4,0.51
36,satellite_cluster_1,0.7727,0.2304,870.4,91.8,2791,101.0,1.96
36,satellite_cluster_2,0.7964,0.0428,979.2,23.3,2036,109.1,1.24
36,uav_swarm_1,0.7576,0.0724,421.6,66.8,3879,111.7,1.55
36,uav_swarm_2,0.8049,0.4898,683.2,92.3,4007,75.1,0.43
36,ground_nodes,0.7652,0.1623,163.0,64.1,1558,61.4,1.63
37,satellite_cluster_1,0.7861,0.2509,1036.2,17.7,1676,62.7,0.86
37,satellite_cluster_2,0.7924,0.2869,905.3,71.2,3571,103.5,1.44
37,uav_swarm_1,0.7777,0.4048,511.4,94.9,4518,64.3,1.73
37,uav_swarm_2,0.8144,0.1142,626.6,61.9,2652,61.7,0.45
37,ground_nodes,0.7766,0.2645,389.4,66.0,1761,121.7,0.93
38,satellite_cluster_1,0.7856,0.4176,1002.7,23.9,4164,126.4,1.04
38,satellite_cluster_2,0.788,0.3747,1020.9,92.8,4091,91.5,1.56
38,uav_swarm_1,0.7877,0.1097,738.3,48.1,1288,79.4,0.26
38,uav_swarm_2,0.7807,0.8267,583.8,36.0,3583,149.3,0.34
38,ground_nodes,0.8065,0.1005,198.7,53.1,2504,108.3,0.22
39,satellite_cluster_1,0.8229,0.8374,923.5,42.2,4687,142.0,0.19
39,satellite_cluster_2,0.8319,0.5696,896.8,106.4,2919,62.6,0.45
39,uav_swarm_1,0.8045,0.5018,661.0,16.7,4760,97.0,0.16
39,uav_swarm_2,0.7958,1.0864,449.7,33.6,2554,110.8,0.3
39,ground_nodes,0.7582,0.4175,350.7,96.2,2531,51.3,1.42
40,satellite_cluster_1,0.8439,0.0855,1059.6,48.5,2954,121.6,0.53
40,satellite_cluster_2,0.7893,0.561,1117.4,110.6,1990,71.4,1.21
40,uav_swarm_1,0.7927,0.4816,527.9,99.1,2977,50.7,0.22
40,uav_swarm_2,0.7641,0.0902,473.9,53.5,4546,148.0,1.04
40,ground_nodes,0.8084,0.0333,122.5,113.8,3945,141.3,1.58
41,satellite_cluster_1,0.8277,0.9257,1050.7,80.2,1647,61.2,0.38
41,satellite_cluster_2,0.7892,0.4055,811.1,98.6,4711,58.4,1.02
41,uav_swarm_1,0.8317,0.5166,577.5,72.8,4823,136.2,1.69
41,uav_swarm_2,0.8065,1.1528,688.6,10.7,1653,66.4,0.33
41,ground_nodes,0.7947,0.5759,168.2,28.8,1574,70.6,0.38
42,satellite_cluster_1,0.7984,0.9306,1102.3,116.1,2848,136.4,1.87
42,satellite_cluster_2,0.8342,0.3758,1112.6,112.4,4611,105.7,0.63
42,uav_swarm_1,0.7856,0.3926,704.8,95.1,4580,82.3,1.33
42,uav_swarm_2,0.8155,0.8172,741.3,39.1,1734,113.8,1.34
42,ground_nodes,0.8018,0.9192,156.0,56.8,3390,61.6,1.23
43,satellite_cluster_1,0.8142,0.4383,971.8,71.0,1611,114.5,1.41
43,satellite_cluster_2,0.7942,0.2771,1103.9,95.1,2609,105.3,0.12
43,uav_swarm_1,0.7932,0.9443,777.0,100.0,2296,95.9,1.32
43,uav_swarm_2,0.8241,1.0623,650.0,20.6,2972,66.5,1.96
43,ground_nodes,0.803,0.7596,317.5,58.0,1545,105.9,1.11
44,satellite_cluster_1,0.8021,0.4015,847.3,93.7,4959,86.7,0.26
44,satellite_cluster_2,0.7997,0.7637,1148.6,63.3,1595,60.1,1.76
44,uav_swarm_1,0.8427,0.5104,547.2,23.8,1710,84.8,1.45
44,uav_swarm_2,0.8361,0.37,581.7,89.2,4535,107.7,1.43
44,ground_nodes,0.8006,0.1746,227.4,55.9,1264,53.0,0.85
45,satellite_cluster_1,0.8393,0.5274,1006.7,100.1,4766,61.2,1.7
45,satellite_cluster_2,0.8381,0.4497,1084.5,42.5,2634,142.2,1.72
45,uav_swarm_1,0.8071,0.9059,601.8,61.1,1705,77.6,1.87
45,uav_swarm_2,0.8371,0.39,506.5,66.6,2450,101.7,0.8
45,ground_nodes,0.8243,0.7105,329.0,89.5,2400,120.5,1.52
46,satellite_cluster_1,0.8437,0.7348,976.4,90.7,1376,89.9,1.96
46,satellite_cluster_2,0.8415,0.0982,973.2,17.8,3869,110.1,1.76
46,uav_swarm_1,0.8179,0.1932,764.4,99.6,2173,87.8,1.2
46,uav_swarm_2,0.8078,0.8183,686.5,24.9,3561,143.1,1.62
46,ground_nodes,0.8047,0.3444,179.7,87.5,4339,104.0,0.98
47,satellite_cluster_1,0.8276,0.1075,1041.1,118.5,2671,105.1,0.58
47,satellite_cluster_2,0.8062,0.0779,1152.1,115.7,4237,146.2,0.89
47,uav_swarm_1,0.8548,0.7276,780.2,36.9,1132,119.0,1.39
47,uav_swarm_2,0.8339,0.0454,718.4,62.3,2327,98.1,1.27
47,ground_nodes,0.7875,0.3779,388.5,66.3,2175,113.3,0.9
48,satellite_cluster_1,0.8213,0.5041,1133.7,96.3,3985,99.7,0.36
48,satellite_cluster_2,0.8103,0.4954,850.5,112.6,1260,81.8,0.56
48,uav_swarm_1,0.8069,0.5417,773.3,46.7,4344,146.0,1.66
48,uav_swarm_2,0.8208,0.5833,508.4,41.4,4718,93.8,0.16
48,ground_nodes,0.8278,0.8951,280.4,70.1,1910,129.8,1.17
49,satellite_cluster_1,0.8384,0.4771,963.2,22.5,1208,117.2,0.97
49,satellite_cluster_2,0.8363,0.8808,1021.8,102.7,2400,133.7,0.28
49,uav_swarm_1,0.843,1.0459,778.3,58.7,4469,137.5,1.07
49,uav_swarm_2,0.8058,0.403,680.3,111.9,3786,108.3,1.83
49,ground_nodes,0.8121,0.48,198.8,69.1,3898,74.7,1.6
50,satellite_cluster_1,0.852,1.1607,957.0,42.1,3979,139.9,1.86
50,satellite_cluster_2,0.8593,0.4323,953.6,91.0,3409,59.9,1.54
50,uav_swarm_1,0.8221,0.6183,650.1,47.3,1666,119.0,0.74
50,uav_swarm_2,0.853,0.8218,681.6,64.2,3705,94.8,0.46
50,ground_nodes,0.8264,0.0172,349.8,54.2,1278,74.9,0.68
51,satellite_cluster_1,0.8295,0.8364,896.9,28.6,4800,76.3,0.58
51,satellite_cluster_2,0.8367,0.9443,932.3,29.7,1912,54.5,0.66
51,uav_swarm_1,0.8193,0.3649,515.7,44.1,3116,125.8,0.53
51,uav_swarm_2,0.8345,0.5365,511.1,119.6,4919,91.8,1.89
51,ground_nodes,0.8147,0.5735,353.9,90.6,4533,110.9,0.99
52,satellite_cluster_1,0.8708,0.6572,1187.6,61.4,4348,94.5,1.37
52,satellite_cluster_2,0.8449,0.5056,1016.5,19.7,1928,76.5,1.04
52,uav_swarm_1,0.8367,0.8632,699.2,25.3,1281,99.4,1.77
52,uav_swarm_2,0.8061,0.299,539.0,88.4,3560,86.8,1.16
52,ground_nodes,0.8553,0.1189,317.6,33.1,4925,99.9,1.98
53,satellite_cluster_1,0.833,0.4791,1190.9,102.8,4377,83.8,1.64
53,satellite_cluster_2,0.8695,0.7293,976.5,88.8,1184,86.9,1.47
53,uav_swarm_1,0.8454,0.1383,678.1,47.8,3615,104.2,1.7
53,uav_swarm_2,0.8462,0.7704,742.5,22.4,3265,72.8,1.66
53,ground_nodes,0.8497,0.1874,254.0,74.4,2685,135.4,1.4
54,satellite_cluster_1,0.8768,0.5234,967.7,31.3,3811,56.9,1.63
54,satellite_cluster_2,0.8392,0.7182,1046.1,58.7,4622,69.2,0.2
54,uav_swarm_1,0.8575,0.1824,563.8,106.4,2891,52.9,0.44
54,uav_swarm_2,0.831,0.5383,751.6,99.4,2516,96.2,1.14
54,ground_nodes,0.8468,0.2265,213.4,10.9,4994,104.0,0.35
55,satellite_cluster_1,0.8054,0.6833,872.1,102.6,1702,80.1,0.42
55,satellite_cluster_2,0.825,0.3519,1013.9,31.9,2253,58.7,1.43
55,uav_swarm_1,0.8561,0.407,656.6,94.7,1605,102.8,1.08
55,uav_swarm_2,0.8453,0.7365,633.2,54.2,1413,53.0,2.0
55,ground_nodes,0.853,1.1169,117.9,40.1,1443,68.9,1.43
56,satellite_cluster_1,0.8354,0.183,918.5,89.8,1303,66.5,0.38
56,satellite_cluster_2,0.8115,0.2455,1085.7,17.6,3429,97.6,0.18
56,uav_swarm_1,0.8222,0.1545,579.4,78.9,2173,93.8,0.77
56,uav_swarm_2,0.8501,0.342,730.1,43.5,3336,84.2,1.4
56,ground_nodes,0.8631,0.483,386.4,111.8,3051,78.2,1.69
57,satellite_cluster_1,0.8809,0.2207,848.4,28.6,4003,141.8,1.65
57,satellite_cluster_2,0.8469,0.4064,844.9,42.0,2289,50.8,1.53
57,uav_swarm_1,0.8935,0.5161,518.4,88.1,2324,67.9,1.33
57,uav_swarm_2,0.8396,0.4648,571.1,115.2,1404,111.6,0.28
57,ground_nodes,0.8507,0.5191,153.8,12.8,4648,78.8,0.4
58,satellite_cluster_1,0.8952,1.2215,830.3,86.8,3256,71.9,0.56
58,satellite_cluster_2,0.8334,0.7562,887.0,38.0,1780,111.0,1.88
58,uav_swarm_1,0.8394,0.566,584.3,108.0,1155,67.2,0.78
58,uav_swarm_2,0.8413,0.3306,490.3,12.3,1586,113.4,1.57
58,ground_nodes,0.842,0.3679,156.0,48.1,3422,128.7,0.4
59,satellite_cluster_1,0.8601,0.3499,966.6,59.6,1843,145.4,0.32
59,satellite_cluster_2,0.8903,0.8948,1130.7,21.8,2117,100.7,1.59
59,uav_swarm_1,0.8221,0.649,664.5,88.1,2497,112.1,1.79
59,uav_swarm_2,0.8787,0.4954,560.9,21.3,2793,70.6,1.41
59,ground_nodes,0.8691,0.223,147.3,37.7,3786,72.1,0.62
60,satellite_cluster_1,0.8417,0.5459,853.6,113.8,4573,56.9,1.07
60,satellite_cluster_2,0.8955,0.422,1063.9,59.1,4333,123.9,0.85
60,uav_swarm_1,0.8399,0.0802,599.1,47.7,3423,68.7,1.83
60,uav_swarm_2,0.8842,0.5308,491.1,63.9,3984,127.4,1.65
60,ground_nodes,0.8155,0.4904,321.2,87.0,3391,90.4,0.95
61,satellite_cluster_1,0.8459,0.8067,866.1,111.4,4451,94.2,0.24
61,satellite_cluster_2,0.8956,0.3017,954.6,46.3,3957,92.7,0.54
61,uav_swarm_1,0.8662,0.7599,517.9,110.5,1457,69.9,1.88
61,uav_swarm_2,0.8558,0.3978,408.7,63.2,2040,116.8,0.28
61,ground_nodes,0.8216,0.5087,224.9,101.6,3076,109.0,0.48
62,satellite_cluster_1,0.8527,0.3486,899.7,34.7,3164,142.2,0.81
62,satellite_cluster_2,0.8658,0.5824,960.1,105.7,2922,53.9,0.68
62,uav_swarm_1,0.873,0.2093,713.1,60.1,1594,88.8,0.4
62,uav_swarm_2,0.8874,0.0485,779.2,17.6,2094,97.6,0.72
62,ground_nodes,0.8415,0.5566,374.3,12.3,2026,95.1,0.64
63,satellite_cluster_1,0.8532,0.0467,1134.2,116.4,3061,116.0,0.71
63,satellite_cluster_2,0.8565,0.6946,1160.1,67.5,2842,103.2,1.64
63,uav_swarm_1,0.8473,0.6989,686.3,98.0,4068,100.2,1.94
63,uav_swarm_2,0.8377,0.5,487.2,81.2,1639,72.6,1.01
63,ground_nodes,0.8207,0.4982,181.6,28.7,1394,129.3,0.35
64,satellite_cluster_1,0.9031,0.5305,904.3,27.9,2787,132.1,0.49
64,satellite_cluster_2,0.868,0.4412,855.4,92.3,1747,81.4,1.69
64,uav_swarm_1,0.8956,0.3444,604.0,78.4,2410,113.8,0.12
64,uav_swarm_2,0.8401,0.7662,675.2,97.2,1510,114.2,1.87
64,ground_nodes,0.8613,0.7997,202.5,95.8,3498,72.2,0.61
65,satellite_cluster_1,0.8813,0.1001,1170.1,26.2,2675,115.7,1.49
65,satellite_cluster_2,0.8962,0.3536,817.9,93.1,1934,68.0,1.56
65,uav_swarm_1,0.8443,0.3484,568.6,97.3,2438,101.4,0.59
65,uav_swarm_2,0.8629,0.363,442.6,109.7,1392,119.6,1.88
65,ground_nodes,0.8855,0.573,126.8,33.2,1799,50.1,0.25
66,satellite_cluster_1,0.8859,0.9399,815.2,63.7,4667,107.3,1.86
66,satellite_cluster_2,0.8554,1.0397,1172.1,96.3,3269,147.1,0.99
66,uav_swarm_1,0.8537,0.0293,521.9,38.2,4212,148.6,1.11
66,uav_swarm_2,0.8827,0.2825,782.8,86.6,4787,52.2,1.05
66,ground_nodes,0.8738,0.1068,316.5,104.9,1245,69.8,1.04
67,satellite_cluster_1,0.8759,0.9376,1014.6,94.8,4823,51.2,0.57
67,satellite_cluster_2,0.8929,0.9618,1166.6,15.5,2292,139.0,0.57
67,uav_swarm_1,0.8847,0.6807,743.6,119.1,2641,121.0,0.32
67,uav_swarm_2,0.8905,0.4111,547.1,75.0,4057,54.3,1.82
67,ground_nodes,0.8926,0.5601,351.6,114.5,3196,57.9,1.17
68,satellite_cluster_1,0.8617,0.3649,1139.6,67.4,2000,116.6,1.96
68,satellite_cluster_2,0.8969,0.8988,934.0,13.8,1396,67.5,0.64
68,uav_swarm_1,0.8357,0.5368,483.9,75.9,2484,99.6,0.89
68,uav_swarm_2,0.8847,0.7586,629.8,100.5,4173,86.5,1.88
68,ground_nodes,0.8633,0.3805,367.4,98.4,1062,105.3,0.51
69,satellite_cluster_1,0.8946,0.73,1117.6,116.6,1732,118.0,1.68
69,satellite_cluster_2,0.8616,0.3898,1023.4,110.9,1997,146.3,1.83
69,uav_swarm_1,0.8947,1.057,548.0,12.0,3511,59.7,1.25
69,uav_swarm_2,0.886,0.4767,449.0,33.3,3062,93.4,0.63
69,ground_nodes,0.8675,0.7958,284.2,68.5,1226,107.9,1.33
70,satellite_cluster_1,0.9048,0.7137,924.5,72.5,1870,72.7,0.11
70,satellite_cluster_2,0.8707,0.402,989.1,84.5,2062,132.4,1.39
70,uav_swarm_1,0.8707,0.2451,453.9,110.5,2841,94.0,1.07
70,uav_swarm_2,0.8531,0.9725,500.5,28.3,1723,81.8,1.47
70,ground_nodes,0.8753,0.6806,393.3,96.5,3970,98.4,1.14
71,satellite_cluster_1,0.9419,0.3937,1086.2,22.1,3364,80.4,0.74
71,satellite_cluster_2,0.9099,0.5751,1173.0,92.5,3246,68.6,1.02
71,uav_swarm_1,0.8471,0.8903,641.3,44.3,1934,145.3,1.26
71,uav_swarm_2,0.8732,0.0455,670.2,45.6,2126,95.0,0.72
71,ground_nodes,0.892,0.4638,137.4,104.3,1919,120.8,0.93
72,satellite_cluster_1,0.9035,0.1701,1097.1,29.8,4055,110.7,1.01
72,satellite_cluster_2,0.9122,0.706,1103.8,107.5,2155,109.8,1.03
72,uav_swarm_1,0.8789,0.3959,566.7,71.6,1244,60.1,0.59
72,uav_swarm_2,0.8633,0.6403,764.9,108.2,1218,70.2,0.61
72,ground_nodes,0.876,0.5013,284.9,113.0,3841,84.5,1.8
73,satellite_cluster_1,0.8992,0.0239,839.9,111.4,3155,51.2,0.67
73,satellite_cluster_2,0.8774,1.1817,846.6,50.5,2062,125.7,1.97
73,uav_swarm_1,0.8752,0.9081,761.5,55.1,2175,63.7,0.75
73,uav_swarm_2,0.8882,0.3614,765.9,69.1,4729,53.8,1.21
73,ground_nodes,0.8577,0.3736,296.1,84.9,3316,124.3,1.81
74,satellite_cluster_1,0.8735,0.3894,1009.3,79.6,3310,55.7,1.96
74,satellite_cluster_2,0.9174,1.1298,1062.3,64.7,1141,91.6,0.13
74,uav_swarm_1,0.8681,0.5494,443.1,81.5,4110,66.1,0.81
74,uav_swarm_2,0.8862,0.5937,553.1,74.8,3832,80.3,0.61
74,ground_nodes,0.9172,0.7123,246.6,54.9,2725,120.3,0.52
75,satellite_cluster_1,0.8936,0.0147,927.8,28.4,2616,105.6,0.64
75,satellite_cluster_2,0.8932,0.4259,901.0,83.6,1767,111.3,0.28
75,uav_swarm_1,0.8911,0.4116,687.4,18.0,1524,64.5,1.69
75,uav_swarm_2,0.8545,0.4106,443.0,58.4,3088,53.9,0.13
75,ground_nodes,0.8784,0.2495,270.1,70.9,1985,78.8,1.84
76,satellite_cluster_1,0.8868,0.782,828.5,108.4,3737,101.9,1.73
76,satellite_cluster_2,0.9113,0.4253,896.1,40.8,1051,99.0,1.12
76,uav_swarm_1,0.8686,0.0961,573.7,24.4,4682,105.4,1.27
76,uav_swarm_2,0.8357,0.3304,766.2,23.8,2075,90.5,0.95
76,ground_nodes,0.8713,0.8192,106.4,35.0,2484,74.2,0.45
77,satellite_cluster_1,0.9335,0.169,1091.0,84.7,4110,103.9,0.58
77,satellite_cluster_2,0.8886,0.7222,859.0,20.6,4903,67.1,0.36
77,uav_swarm_1,0.8561,0.7838,407.4,107.8,3863,96.1,1.51
77,uav_swarm_2,0.9014,0.2101,639.2,33.3,2586,82.1,0.4
77,ground_nodes,0.8872,0.312,150.2,13.1,3004,100.5,1.72
78,satellite_cluster_1,0.9099,0.5916,1156.3,117.4,2180,112.3,0.7
78,satellite_cluster_2,0.8788,0.5271,1071.6,89.8,2708,136.8,1.3
78,uav_swarm_1,0.927,0.4045,642.9,55.7,4347,101.3,0.73
78,uav_swarm_2,0.8848,0.8409,719.8,73.9,4154,84.7,0.9
78,ground_nodes,0.8774,0.0339,200.9,89.9,4992,146.7,0.4
79,satellite_cluster_1,0.9111,0.4558,804.7,74.7,2301,68.4,0.5
79,satellite_cluster_2,0.8794,0.1754,1005.8,88.5,3698,132.3,0.18
79,uav_swarm_1,0.84,0.2963,524.1,59.6,4291,111.2,1.58
79,uav_swarm_2,0.8874,1.045,416.5,74.3,4376,133.0,0.78
79,ground_nodes,0.8394,0.0555,212.4,111.8,4480,60.9,0.31
80,satellite_cluster_1,0.8816,0.4521,1047.6,25.8,1266,115.8,1.78
80,satellite_cluster_2,0.8621,0.7948,1128.4,96.1,2424,85.9,0.19
80,uav_swarm_1,0.8853,0.5524,799.2,38.4,4661,50.4,0.19
80,uav_swarm_2,0.8557,0.2938,765.1,31.2,4892,120.9,1.11
80,ground_nodes,0.8487,0.4633,311.7,31.0,3613,130.1,0.58
81,satellite_cluster_1,0.9286,0.3869,1189.6,16.6,1192,73.3,1.03
81,satellite_cluster_2,0.9085,0.7047,1032.0,19.8,2921,53.8,0.38
81,uav_swarm_1,0.8764,0.7826,561.0,91.3,1296,64.2,1.44
81,uav_swarm_2,0.8879,0.7633,595.2,112.0,1269,99.2,1.11
81,ground_nodes,0.8678,0.2308,329.5,61.7,4608,57.2,1.59
82,satellite_cluster_1,0.8859,0.4253,1053.5,106.8,1119,55.8,1.58
82,satellite_cluster_2,0.8711,0.1794,979.2,48.1,1611,110.2,1.25
82,uav_swarm_1,0.9072,0.4242,601.3,61.1,4970,109.2,1.3
82,uav_swarm_2,0.9003,0.775,573.8,48.1,1014,69.4,0.35
82,ground_nodes,0.9241,0.6792,263.6,15.6,3633,83.3,0.86
83,satellite_cluster_1,0.9412,0.1559,914.7,116.6,3744,65.9,0.47
83,satellite_cluster_2,0.9157,0.0322,1044.1,26.9,1174,106.3,1.91
83,uav_swarm_1,0.8895,0.3751,477.4,70.9,2563,58.2,0.89
83,uav_swarm_2,0.867,0.5752,579.3,76.1,2373,70.5,0.66
83,ground_nodes,0.9084,0.2662,354.1,51.4,3115,65.3,0.26
84,satellite_cluster_1,0.8961,1.1557,1163.2,50.0,4991,88.9,0.92
84,satellite_cluster_2,0.9101,0.4112,1172.4,78.6,2285,147.3,0.61
84,uav_swarm_1,0.8797,0.961,670.8,62.4,3584,50.1,1.24
84,uav_swarm_2,0.9075,0.3918,530.9,41.9,2517,75.2,0.8
84,ground_nodes,0.8852,0.3801,251.5,67.8,4144,51.7,1.09
85,satellite_cluster_1,0.9127,0.5443,871.6,21.4,1530,102.4,1.19
85,satellite_cluster_2,0.9129,0.6182,852.9,88.5,4578,141.0,0.72
85,uav_swarm_1,0.9078,0.4995,693.9,92.3,2542,126.9,0.57
85,uav_swarm_2,0.8665,0.8173,498.6,11.0,3771,110.0,1.45
85,ground_nodes,0.8879,0.0793,324.2,60.9,1278,53.5,0.17
86,satellite_cluster_1,0.9279,0.3108,972.7,59.8,2590,114.0,0.23
86,satellite_cluster_2,0.9225,0.3175,866.9,86.8,1846,114.7,1.04
86,uav_swarm_1,0.9134,1.1571,695.9,87.7,3855,109.9,1.99
86,uav_swarm_2,0.9016,0.5579,578.2,88.5,4101,53.1,1.52
86,ground_nodes,0.8899,0.3226,228.4,46.4,4570,146.0,1.23
87,satellite_cluster_1,0.9172,0.6276,826.6,28.8,3760,140.5,0.88
87,satellite_cluster_2,0.8921,0.3521,974.2,54.2,2853,62.7,1.33
87,uav_swarm_1,0.8948,0.3011,684.0,12.2,2246,147.1,0.32
87,uav_swarm_2,0.9143,0.6384,573.6,112.1,2807,75.2,0.75
87,ground_nodes,0.8612,0.4465,167.5,39.9,1554,147.6,1.81
88,satellite_cluster_1,0.9128,0.4486,963.9,119.0,2992,51.0,1.39
88,satellite_cluster_2,0.885,0.4749,928.4,34.7,4054,64.0,1.58
88,uav_swarm_1,0.8745,1.0261,501.6,104.6,3490,83.5,0.45
88,uav_swarm_2,0.892,0.5474,625.5,33.2,4976,116.1,1.83
88,ground_nodes,0.8633,0.3692,294.6,105.8,1558,80.6,1.37
89,satellite_cluster_1,0.9049,0.646,1172.2,75.4,1091,101.1,1.87
89,satellite_cluster_2,0.9017,0.1805,916.3,77.6,2231,52.4,0.85
89,uav_swarm_1,0.9227,0.2015,422.2,63.8,2335,105.5,1.51
89,uav_swarm_2,0.8892,0.124,545.6,115.5,1104,143.2,1.46
89,ground_nodes,0.8783,0.6511,225.9,63.4,4512,144.5,0.51
90,satellite_cluster_1,0.921,0.5546,1130.8,102.9,1774,99.7,1.24
90,satellite_cluster_2,0.9155,0.1049,909.9,90.4,2005,97.1,0.19
90,uav_swarm_1,0.8992,0.8019,635.6,25.3,2711,75.9,0.23
90,uav_swarm_2,0.8813,0.2082,502.6,90.0,2104,68.2,0.13
90,ground_nodes,0.9011,0.5974,284.2,30.7,3694,109.8,0.13
91,satellite_cluster_1,0.8945,0.3837,1169.9,21.4,4681,95.6,0.24
91,satellite_cluster_2,0.9006,0.7223,1090.2,17.5,2729,72.5,1.64
91,uav_swarm_1,0.8998,0.4714,547.6,101.6,3413,103.8,1.36
91,uav_swarm_2,0.9062,0.2005,514.9,113.4,1177,139.8,0.56
91,ground_nodes,0.9022,0.4566,273.5,50.2,1081,117.9,0.54
92,satellite_cluster_1,0.9346,0.507,1077.5,53.4,1922,95.6,0.44
92,satellite_cluster_2,0.8865,0.9135,1140.9,93.2,2834,129.9,1.73
92,uav_swarm_1,0.9345,0.4715,458.0,64.1,3060,66.5,1.58
92,uav_swarm_2,0.9075,0.0345,580.6,73.8,3347,133.2,0.43
92,ground_nodes,0.8601,0.5334,316.8,45.3,4315,115.1,0.39
93,satellite_cluster_1,0.8938,0.6505,1100.2,47.3,2296,68.6,1.88
93,satellite_cluster_2,0.8986,0.2368,1058.3,22.9,2861,98.2,1.23
93,uav_swarm_1,0.9434,0.4211,573.5,32.3,4421,77.0,1.37
93,uav_swarm_2,0.8964,0.6248,577.0,64.3,3111,98.2,0.7
93,ground_nodes,0.9236,0.154,289.8,35.5,1058,121.6,0.75
94,satellite_cluster_1,0.9039,0.8387,1127.7,24.4,4828,69.6,1.38
94,satellite_cluster_2,0.9364,0.9084,964.3,67.8,4594,144.2,1.97
94,uav_swarm_1,0.9015,0.3482,549.0,95.4,3241,127.7,0.71
94,uav_swarm_2,0.8806,0.2703,501.8,114.4,1607,139.0,1.43
94,ground_nodes,0.8902,0.0914,248.2,16.1,1531,62.9,1.43
95,satellite_cluster_1,0.9085,0.5018,1169.9,103.7,2140,146.9,0.48
95,satellite_cluster_2,0.9458,0.5697,817.5,72.4,2669,115.1,1.0
95,uav_swarm_1,0.9058,0.8489,747.5,42.1,2245,59.7,0.35
95,uav_swarm_2,0.9311,0.8563,791.6,88.3,2212,87.5,1.29
95,ground_nodes,0.8843,0.7678,267.0,88.0,1863,101.1,1.16
96,satellite_cluster_1,0.8978,0.201,846.4,84.0,4785,58.6,1.94
96,satellite_cluster_2,0.8736,0.6293,826.3,78.4,4206,78.1,1.83
96,uav_swarm_1,0.8992,0.0529,617.5,21.0,2667,58.1,0.93
96,uav_swarm_2,0.8663,0.8745,484.2,75.2,2586,55.5,0.64
96,ground_nodes,0.89,0.8144,283.7,26.8,4824,99.5,0.35
97,satellite_cluster_1,0.9289,1.104,1116.9,64.4,2795,91.2,1.0
97,satellite_cluster_2,0.9426,0.4141,892.0,10.6,2677,130.7,0.66
97,uav_swarm_1,0.9233,0.0814,614.2,16.6,2787,110.9,0.62
97,uav_swarm_2,0.9236,0.9753,529.9,12.8,3380,91.4,0.3
97,ground_nodes,0.8846,0.2491,109.6,42.6,3471,127.5,0.92
98,satellite_cluster_1,0.9217,0.4421,1064.7,44.2,4441,141.2,1.9
98,satellite_cluster_2,0.9111,0.8157,1162.4,118.0,2566,67.2,1.57
98,uav_swarm_1,0.943,0.2689,622.8,103.8,1529,89.5,1.51
98,uav_swarm_2,0.8881,0.3744,765.1,20.2,1539,69.5,0.84
98,ground_nodes,0.9246,0.7516,234.4,113.1,3355,81.7,1.44
99,satellite_cluster_1,0.9384,0.2603,1024.4,43.0,3297,80.0,0.51
99,satellite_cluster_2,0.9294,0.7396,1064.2,77.6,4336,67.5,1.23
99,uav_swarm_1,0.9217,0.6973,701.2,67.0,2830,106.4,1.11
99,uav_swarm_2,0.917,0.1857,525.9,15.8,1334,64.1,1.75
99,ground_nodes,0.8977,0.4068,363.1,53.5,1486,137.5,1.86
100,satellite_cluster_1,0.9328,0.5605,959.2,114.8,2073,55.1,1.37
100,satellite_cluster_2,0.9265,0.3785,813.6,102.7,3638,96.9,1.68
100,uav_swarm_1,0.9296,0.6945,778.1,76.9,3559,103.0,0.23
100,uav_swarm_2,0.9014,0.393,777.0,60.7,1888,54.0,0.83
100,ground_nodes,0.8793,0.4015,106.9,24.7,2568,136.6,0.35
101,satellite_cluster_1,0.9004,1.156,968.9,37.8,3081,121.8,1.53
101,satellite_cluster_2,0.9259,0.1299,1012.9,39.4,3499,146.6,1.93
101,uav_swarm_1,0.9416,0.4198,405.3,70.3,3758,63.1,1.66
101,uav_swarm_2,0.9431,0.0553,687.4,53.1,2511,126.9,0.3
101,ground_nodes,0.9185,0.8184,322.5,90.8,2165,83.2,0.99
102,satellite_cluster_1,0.9473,0.1827,1130.5,90.4,1574,149.3,0.24
102,satellite_cluster_2,0.9218,0.3766,1187.7,45.1,3716,128.9,1.11
102,uav_swarm_1,0.9339,0.1114,656.6,33.0,1962,93.4,1.18
102,uav_swarm_2,0.9471,0.5555,575.7,92.1,4950,86.8,1.33
102,ground_nodes,0.9316,0.9015,370.7,65.9,4648,127.6,0.65
103,satellite_cluster_1,0.9491,0.1506,1025.3,27.8,1257,75.6,1.36
103,satellite_cluster_2,0.9498,0.3264,848.6,22.8,1029,127.1,0.14
103,uav_swarm_1,0.9081,1.1075,538.7,104.9,3438,131.2,0.41
103,uav_swarm_2,0.9065,0.9833,495.8,78.4,1452,144.3,0.44
103,ground_nodes,0.9305,0.8563,175.7,45.7,3731,51.2,1.05
104,satellite_cluster_1,0.9459,0.0491,890.2,17.1,2486,58.6,1.7
104,satellite_cluster_2,0.9301,0.5283,1077.4,113.4,3291,87.2,0.63
104,uav_swarm_1,0.9004,0.3348,530.2,31.9,3531,129.6,1.21
104,uav_swarm_2,0.9216,0.3053,513.4,80.4,3041,133.4,0.77
104,ground_nodes,0.9096,0.3205,156.6,72.6,3804,82.7,1.03
105,satellite_cluster_1,0.9573,0.0305,1102.1,109.2,1030,93.7,0.59
105,satellite_cluster_2,0.9169,0.7505,822.8,15.8,2201,92.9,0.94
105,uav_swarm_1,0.9141,0.3011,705.9,110.7,1711,77.1,0.66
105,uav_swarm_2,0.8918,0.9881,519.4,82.3,2564,112.8,0.45
105,ground_nodes,0.9701,0.8317,362.9,60.9,3530,51.9,1.05
106,satellite_cluster_1,0.8928,0.798,1067.3,35.1,1037,97.4,0.77
106,satellite_cluster_2,0.9476,0.3839,1021.5,89.0,1244,108.0,0.1
106,uav_swarm_1,0.9211,0.7685,546.4,101.2,3951,77.5,0.62
106,uav_swarm_2,0.9356,0.0367,575.3,89.9,4382,70.8,0.72
106,ground_nodes,0.9253,0.5927,259.9,93.5,1143,106.3,0.32
107,satellite_cluster_1,0.9203,0.2703,912.7,76.5,3018,126.6,0.23
107,satellite_cluster_2,0.9378,0.2553,1157.0,79.7,1287,70.0,1.9
107,uav_swarm_1,0.9041,0.0851,682.8,74.6,3260,97.5,0.53
107,uav_swarm_2,0.91,0.6907,522.6,101.8,4718,116.4,0.51
107,ground_nodes,0.8818,0.41,264.5,22.8,2215,78.2,0.66
108,satellite_cluster_1,0.9578,0.4629,1094.7,42.7,2831,145.2,1.9
108,satellite_cluster_2,0.9395,0.9059,982.0,49.2,2104,127.2,1.74
108,uav_swarm_1,0.8998,0.6148,706.4,17.5,4749,133.4,0.37
108,uav_swarm_2,0.9263,0.6679,465.9,72.2,4719,65.8,1.22
108,ground_nodes,0.9162,0.557,355.2,66.1,1527,137.2,0.79
109,satellite_cluster_1,0.925,0.4099,1145.1,53.2,2840,146.4,0.87
109,satellite_cluster_2,0.9367,0.3757,1187.2,45.2,4385,126.9,0.91
109,uav_swarm_1,0.9073,0.8986,497.6,90.2,2184,105.8,0.58
109,uav_swarm_2,0.9131,0.3588,631.1,17.2,1804,93.3,1.84
109,ground_nodes,0.9431,0.3999,240.1,35.1,4115,88.3,0.7
110,satellite_cluster_1,0.9278,0.4871,1089.9,48.5,4388,54.4,1.65
110,satellite_cluster_2,0.9308,0.5305,804.4,28.7,1094,149.1,0.95
110,uav_swarm_1,0.9031,0.5976,693.2,39.6,1380,104.5,0.38
110,uav_swarm_2,0.9416,0.462,568.5,102.4,3084,113.0,1.03
110,ground_nodes,0.9304,0.2995,129.8,100.5,3240,91.6,0.68
111,satellite_cluster_1,0.9281,0.6998,1103.1,68.3,2358,126.3,0.59
111,satellite_cluster_2,0.9687,0.3481,831.8,75.4,4772,117.4,0.11
111,uav_swarm_1,0.8943,0.4665,651.0,117.7,4025,146.3,1.31
111,uav_swarm_2,0.9183,0.7879,532.9,109.1,4647,79.6,1.14
111,ground_nodes,0.906,0.0547,245.3,101.5,4436,91.7,1.54
112,satellite_cluster_1,0.956,0.3856,906.9,40.5,3440,90.0,1.97
112,satellite_cluster_2,0.9293,0.2319,922.9,109.6,1734,64.3,1.16
112,uav_swarm_1,0.9037,0.0202,511.7,112.5,1116,63.3,1.4
112,uav_swarm_2,0.9319,0.3899,423.4,33.7,2276,132.3,1.13
112,ground_nodes,0.9034,0.083,396.4,96.2,4084,132.9,1.25
113,satellite_cluster_1,0.9552,0.1269,1030.7,28.2,3018,117.6,0.57
113,satellite_cluster_2,0.9464,0.5321,1089.2,85.8,2720,91.6,1.6
113,uav_swarm_1,0.9642,1.0976,421.3,53.8,4661,95.9,1.42
113,uav_swarm_2,0.9444,0.5117,542.1,22.0,2589,66.0,0.75
113,ground_nodes,0.9073,0.4666,279.5,104.0,4058,89.7,0.43
114,satellite_cluster_1,0.9584,0.3548,1120.0,112.9,4065,118.6,0.13
114,satellite_cluster_2,0.9648,0.6262,844.2,102.2,2550,146.4,0.48
114,uav_swarm_1,0.9117,0.8538,489.7,48.8,2643,100.6,1.23
114,uav_swarm_2,0.9409,0.6566,448.6,99.1,3542,96.2,0.67
114,ground_nodes,0.9047,0.5353,136.5,105.2,4174,68.0,1.48
115,satellite_cluster_1,0.9463,0.7983,1042.8,72.1,1177,83.8,1.03
115,satellite_cluster_2,0.9124,0.1242,935.0,23.5,1862,93.2,1.64
115,uav_swarm_1,0.906,0.4968,701.8,40.4,1710,122.4,0.8
115,uav_swarm_2,0.8897,0.6952,598.2,65.2,2113,139.5,1.46
115,ground_nodes,0.9429,0.8574,224.3,14.9,3339,102.6,1.1
116,satellite_cluster_1,0.9342,0.556,991.8,99.3,1703,129.7,1.08
116,satellite_cluster_2,0.9292,0.3747,1062.5,52.4,3919,81.8,0.2
116,uav_swarm_1,0.9382,0.5981,654.3,113.2,1798,53.3,0.83
116,uav_swarm_2,0.9213,0.6002,482.6,116.7,3914,71.7,1.86
116,ground_nodes,0.8986,0.0164,309.9,42.3,2184,77.4,0.22
117,satellite_cluster_1,0.8935,0.441,967.3,112.2,3025,57.8,0.38
117,satellite_cluster_2,0.945,0.7404,1107.2,102.0,1896,148.6,1.66
117,uav_swarm_1,0.9596,0.3572,507.8,21.0,3918,102.6,1.39
117,uav_swarm_2,0.9066,0.2449,552.5,65.1,1463,67.5,1.79
117,ground_nodes,0.927,0.5389,399.6,50.9,3958,88.1,1.12
118,satellite_cluster_1,0.9588,0.174,1180.4,18.5,2805,83.7,0.37
118,satellite_cluster_2,0.9427,0.4434,814.8,34.2,3234,111.7,1.11
118,uav_swarm_1,0.9158,0.36,494.7,65.3,3131,78.2,1.64
118,uav_swarm_2,0.9334,0.3553,439.2,59.2,2433,78.0,1.18
118,ground_nodes,0.9002,0.1362,239.3,112.0,3538,147.0,1.15
119,satellite_cluster_1,0.9445,0.4932,1022.8,82.7,1861,113.6,1.9
119,satellite_cluster_2,0.9588,0.5883,847.0,85.9,3671,88.4,0.61
119,uav_swarm_1,0.9097,0.6115,607.4,94.5,4787,62.1,1.74
119,uav_swarm_2,0.983,0.4245,627.8,55.2,2012,132.2,1.17
119,ground_nodes,0.9054,0.3834,249.0,54.8,1724,97.5,0.95
120,satellite_cluster_1,0.9556,0.9394,1057.8,88.5,3813,95.9,1.56
120,satellite_cluster_2,0.9048,0.743,1197.8,14.2,1532,50.6,0.18
120,uav_swarm_1,0.919,0.4079,613.3,104.4,3435,125.4,1.21
120,uav_swarm_2,0.9159,0.4256,777.7,66.9,3326,61.2,1.17
120,ground_nodes,0.9098,0.0324,290.2,38.3,4226,51.0,0.14
121,satellite_cluster_1,0.9237,0.287,1194.7,43.7,2540,54.2,0.4
121,satellite_cluster_2,0.9128,0.3384,922.1,117.3,4071,122.8,1.37
121,uav_swarm_1,0.8957,1.0593,656.6,100.0,3704,117.0,1.49
121,uav_swarm_2,0.9036,1.1575,703.6,17.5,1769,63.3,0.85
121,ground_nodes,0.9096,0.1705,212.0,119.2,1259,107.8,1.1
122,satellite_cluster_1,0.9495,0.2636,1080.9,116.4,2302,144.1,0.47
122,satellite_cluster_2,0.9298,0.31,1006.2,72.7,3260,127.3,1.18
122,uav_swarm_1,0.9266,0.2423,634.7,110.0,1182,131.8,0.65
122,uav_swarm_2,0.9397,0.4438,465.9,14.6,3105,128.7,0.98
122,ground_nodes,0.9313,0.6149,290.2,102.8,2420,67.3,0.12
123,satellite_cluster_1,0.9587,0.5675,1068.3,118.0,3343,112.6,0.16
123,satellite_cluster_2,0.9365,0.6745,1012.8,115.0,2715,106.3,0.33
123,uav_swarm_1,0.8869,0.6448,716.9,93.4,2724,132.8,1.44
123,uav_swarm_2,0.9815,0.313,795.5,76.2,4799,52.1,1.29
123,ground_nodes,0.8871,0.1994,287.3,100.8,3795,65.5,1.78
124,satellite_cluster_1,0.9271,0.373,847.9,87.0,4331,67.0,0.1
124,satellite_cluster_2,0.9289,0.5993,897.5,42.8,4573,114.5,1.24
124,uav_swarm_1,0.9158,0.1,425.7,97.5,4220,79.6,0.23
124,uav_swarm_2,0.9369,0.6935,448.6,17.2,4849,102.7,0.28
124,ground_nodes,0.9308,0.4675,398.7,90.4,3990,93.0,0.12
125,satellite_cluster_1,0.9447,0.7105,881.3,111.2,3617,63.0,0.32
125,satellite_cluster_2,0.943,0.3219,897.2,90.8,1869,73.1,0.29
125,uav_swarm_1,0.9307,0.3797,495.5,85.9,1720,131.6,1.4
125,uav_swarm_2,0.8903,0.1942,708.7,67.0,2388,59.3,1.02
125,ground_nodes,0.9324,0.3786,377.4,100.9,2447,59.8,0.72
126,satellite_cluster_1,0.9328,0.7751,835.2,87.5,2822,141.4,1.94
126,satellite_cluster_2,0.9325,0.7543,878.5,70.3,2623,104.7,0.9
126,uav_swarm_1,0.912,1.1271,498.4,84.7,3654,88.7,1.28
126,uav_swarm_2,0.9341,0.4674,579.0,110.9,1668,130.8,1.36
126,ground_nodes,0.8837,0.9232,228.7,116.5,4842,67.5,1.57
127,satellite_cluster_1,0.95,0.4501,926.8,82.0,1934,118.0,1.47
127,satellite_cluster_2,0.9716,0.5388,846.1,112.0,4645,138.6,1.71
127,uav_swarm_1,0.9431,0.1251,429.1,102.0,3553,141.6,0.73
127,uav_swarm_2,0.9528,0.8575,722.6,42.6,1133,56.0,1.52
127,ground_nodes,0.889,1.1271,192.8,65.3,2277,53.0,1.92
128,satellite_cluster_1,0.962,0.2927,1101.0,33.0,2670,112.4,0.78
128,satellite_cluster_2,0.9397,0.8586,1090.6,20.5,3531,149.3,1.39
128,uav_swarm_1,0.9254,0.4229,656.4,67.6,1701,125.7,1.52
128,uav_swarm_2,0.9605,0.5131,574.8,23.6,1677,107.5,0.5
128,ground_nodes,0.9158,0.4161,156.9,13.5,4754,83.1,1.96
129,satellite_cluster_1,0.9354,0.7487,985.5,55.7,1626,74.6,1.01
129,satellite_cluster_2,0.9476,0.6164,1064.8,58.5,2868,126.4,1.2
129,uav_swarm_1,0.9232,0.5433,484.4,18.2,3556,55.4,0.23
129,uav_swarm_2,0.9015,0.3848,698.2,79.8,2842,63.7,1.71
129,ground_nodes,0.8997,0.6325,153.2,106.0,4107,55.0,0.77
130,satellite_cluster_1,0.9406,0.2104,1074.8,41.8,1573,79.7,0.91
130,satellite_cluster_2,0.9436,0.4948,1089.1,39.4,3310,139.6,0.55
130,uav_swarm_1,0.9587,0.2738,569.8,102.1,1243,84.9,0.96
130,uav_swarm_2,0.9412,0.5217,531.0,111.5,1829,107.9,1.2
130,ground_nodes,0.9362,0.3192,289.5,45.0,2601,61.4,0.32
131,satellite_cluster_1,0.9689,0.2877,1043.2,21.3,4138,60.1,1.22
131,satellite_cluster_2,0.9746,0.4213,883.6,59.8,4416,52.8,0.13
131,uav_swarm_1,0.927,0.3317,571.8,63.6,2798,57.3,1.63
131,uav_swarm_2,0.9212,0.1767,607.8,96.1,3389,65.4,0.82
131,ground_nodes,0.9403,1.1413,169.4,47.8,2548,87.7,0.1
132,satellite_cluster_1,0.9107,0.3769,841.7,18.3,2342,53.9,1.98
132,satellite_cluster_2,0.9701,0.8409,815.2,76.6,3614,131.0,1.15
132,uav_swarm_1,0.9363,0.8619,641.5,58.1,2090,121.4,1.44
132,uav_swarm_2,0.9394,1.2255,573.5,75.3,4577,75.7,0.2
132,ground_nodes,0.9412,0.4883,390.8,65.3,4820,63.0,1.55
133,satellite_cluster_1,0.9492,0.7676,940.7,35.6,3590,76.5,1.28
133,satellite_cluster_2,0.9682,0.5202,996.7,24.1,1121,118.2,0.29
133,uav_swarm_1,0.9245,0.4335,429.3,31.5,4773,83.6,0.82
133,uav_swarm_2,0.8928,0.1592,502.8,103.5,2576,111.5,1.96
133,ground_nodes,0.9212,0.4122,241.9,116.5,1845,111.9,1.11
134,satellite_cluster_1,0.9295,0.6175,1152.0,66.2,1128,60.5,0.5
134,satellite_cluster_2,0.9466,0.5233,1111.4,95.4,3028,50.8,1.42
134,uav_swarm_1,0.9507,0.0454,782.7,42.9,3776,148.2,0.88
134,uav_swarm_2,0.9291,0.5681,710.7,50.9,3368,66.9,1.6
134,ground_nodes,0.944,1.0732,150.3,102.2,1094,120.7,0.73
135,satellite_cluster_1,0.9756,0.3022,1040.6,83.9,3774,114.6,0.51
135,satellite_cluster_2,0.9633,0.8958,1194.3,33.5,4263,126.4,0.66
135,uav_swarm_1,0.8988,0.0429,795.4,61.7,1578,148.2,1.43
135,uav_swarm_2,0.8803,0.4527,781.7,32.6,3394,109.0,0.75
135,ground_nodes,0.9414,0.5686,182.2,65.6,1040,92.3,1.37
136,satellite_cluster_1,0.9335,0.1651,805.0,53.9,3121,50.8,1.94
136,satellite_cluster_2,0.956,0.4802,856.1,74.6,3271,56.8,0.62
136,uav_swarm_1,0.9711,0.7002,661.9,15.4,3144,148.6,1.78
136,uav_swarm_2,0.9345,0.6057,442.2,30.7,4814,119.3,0.48
136,ground_nodes,0.9259,0.5481,353.8,114.0,2278,96.7,1.64
137,satellite_cluster_1,0.9558,0.351,825.7,31.3,4446,140.8,0.53
137,satellite_cluster_2,0.9593,0.5184,998.7,53.3,4359,129.0,1.01
137,uav_swarm_1,0.9305,0.9286,500.8,45.9,4336,110.9,0.39
137,uav_swarm_2,0.9282,0.814,512.6,102.5,4348,134.9,1.91
137,ground_nodes,0.9032,0.5737,380.6,105.5,3931,121.5,1.1
138,satellite_cluster_1,0.9419,0.6903,1029.7,65.1,4333,105.1,0.96
138,satellite_cluster_2,0.9551,0.7255,1016.4,115.7,1816,116.3,1.76
138,uav_swarm_1,0.9287,0.8214,640.0,27.2,3430,76.1,1.12
138,uav_swarm_2,0.9816,0.6566,521.5,69.5,4534,57.2,0.18
138,ground_nodes,0.9225,0.607,391.6,25.7,2842,50.1,1.72
139,satellite_cluster_1,0.968,0.8343,1018.6,87.1,2540,65.0,0.99
139,satellite_cluster_2,0.967,0.651,983.5,75.3,2017,135.9,1.34
139,uav_swarm_1,0.9327,0.487,527.3,50.5,2963,83.2,0.44
139,uav_swarm_2,0.9516,0.3471,645.8,110.5,3256,111.6,0.39
139,ground_nodes,0.9529,0.5868,112.8,56.2,4603,137.7,1.59
140,satellite_cluster_1,0.9326,0.3622,890.5,61.5,2265,137.1,1.94
140,satellite_cluster_2,0.9729,0.6846,972.8,75.4,2024,63.7,1.15
140,uav_swarm_1,0.97,0.7406,672.1,42.2,1785,117.8,1.14
140,uav_swarm_2,0.9114,0.0862,423.0,60.0,4790,133.0,1.72
140,ground_nodes,0.9122,0.7057,218.0,17.1,4512,108.2,0.71
141,satellite_cluster_1,0.9873,0.5465,837.6,78.3,2299,149.2,1.35
141,satellite_cluster_2,0.9803,0.574,1136.0,98.7,4558,80.6,1.37
141,uav_swarm_1,0.9459,0.5476,489.9,61.5,2701,70.1,1.74
141,uav_swarm_2,0.9403,0.1317,717.1,57.6,3932,57.1,1.76
141,ground_nodes,0.9457,0.5849,202.5,61.1,1762,90.4,0.13
142,satellite_cluster_1,0.946,0.5101,800.5,77.8,4126,83.1,1.91
142,satellite_cluster_2,0.9643,0.0661,961.5,53.6,1684,116.2,1.47
142,uav_swarm_1,0.9323,0.4351,431.5,56.9,4061,112.6,0.66
142,uav_swarm_2,0.9661,0.3873,522.6,61.7,4806,136.1,1.02
142,ground_nodes,0.9213,0.2857,298.7,77.4,1565,113.5,1.2
143,satellite_cluster_1,0.9361,0.7882,1102.4,52.1,3134,117.8,1.81
143,satellite_cluster_2,0.9763,0.3384,1089.9,16.5,3702,63.1,1.35
143,uav_swarm_1,0.9331,1.413,524.4,65.4,3716,84.5,0.17
143,uav_swarm_2,0.8951,0.7498,440.4,98.2,3184,88.1,1.7
143,ground_nodes,0.9586,0.8132,260.1,83.4,2948,138.1,1.31
144,satellite_cluster_1,0.9251,0.0733,830.1,13.5,1111,97.4,1.57
144,satellite_cluster_2,0.9615,0.8381,987.1,73.3,4587,88.8,1.66
144,uav_swarm_1,0.9843,0.1896,758.2,105.3,2459,65.2,0.43
144,uav_swarm_2,0.9459,0.3614,682.4,118.5,1935,58.2,0.36
144,ground_nodes,0.9382,0.1896,320.6,104.6,4731,122.3,0.9
145,satellite_cluster_1,0.99,0.3434,831.5,41.6,2001,52.9,0.22
145,satellite_cluster_2,0.9863,0.5923,886.1,89.4,3780,78.4,1.46
145,uav_swarm_1,0.9484,0.5162,509.1,27.4,3573,84.5,0.88
145,uav_swarm_2,0.9318,0.3489,677.4,110.9,2183,57.0,0.19
145,ground_nodes,0.9345,0.5565,377.3,65.6,3798,129.4,0.61
146,satellite_cluster_1,0.984,0.8013,1062.0,59.0,2491,60.7,1.74
146,satellite_cluster_2,0.95,0.1293,887.4,76.3,3814,108.3,0.2
146,uav_swarm_1,0.9651,0.2687,517.7,94.0,4476,66.7,0.52
146,uav_swarm_2,0.9378,0.1847,755.1,37.8,4536,142.1,1.32
146,ground_nodes,0.9416,0.2186,228.2,75.1,4803,148.7,1.16
147,satellite_cluster_1,0.9375,0.6073,900.3,25.4,3631,143.6,0.36
147,satellite_cluster_2,0.9174,0.4751,1101.8,89.4,4089,129.2,1.51
147,uav_swarm_1,0.9286,0.4898,644.0,54.7,4374,66.8,1.36
147,uav_swarm_2,0.9209,0.5413,445.1,18.0,3416,102.5,0.26
147,ground_nodes,0.9389,0.832,151.7,12.3,1360,119.8,1.86
148,satellite_cluster_1,0.961,0.6301,1027.9,43.7,4786,89.1,1.16
148,satellite_cluster_2,0.9533,0.5084,1172.3,72.7,1526,108.9,1.85
148,uav_swarm_1,0.9579,0.8576,633.1,63.7,2593,86.7,1.14
148,uav_swarm_2,0.9236,0.5111,528.6,12.1,2358,52.8,0.36
148,ground_nodes,0.9516,0.6378,212.0,106.2,1391,101.4,0.79
149,satellite_cluster_1,0.9338,0.8166,1017.2,57.7,2971,104.6,1.29
149,satellite_cluster_2,0.9488,0.6118,943.7,88.9,2210,111.3,1.66
149,uav_swarm_1,0.9205,0.3328,479.4,90.6,2693,126.2,1.01
149,uav_swarm_2,0.9557,0.5915,454.5,37.5,3068,89.0,1.41
149,ground_nodes,0.9196,1.0302,307.3,67.3,4436,67.4,1.6
150,satellite_cluster_1,0.9505,0.6622,1181.0,100.6,3730,88.2,0.81
150,satellite_cluster_2,0.9442,0.0386,989.3,91.9,3233,131.7,1.67
150,uav_swarm_1,0.9275,0.1631,592.5,75.6,1615,111.1,0.29
150,uav_swarm_2,0.9461,0.2508,798.3,29.6,4278,87.6,0.48
150,ground_nodes,0.9683,0.0957,164.0,42.1,4883,143.3,0.47
151,satellite_cluster_1,0.9358,0.4179,941.0,29.1,3677,112.5,0.91
151,satellite_cluster_2,0.9242,0.5851,1075.2,115.6,2532,77.1,1.72
151,uav_swarm_1,0.9146,1.1773,459.9,59.5,1112,145.7,0.39
151,uav_swarm_2,0.99,0.0341,596.8,98.3,2542,137.7,1.1
151,ground_nodes,0.911,0.3132,340.1,78.7,1858,115.4,1.72
152,satellite_cluster_1,0.9438,0.6107,1141.2,54.0,3012,67.9,1.21
152,satellite_cluster_2,0.9781,0.7895,1152.8,50.8,2369,146.6,1.1
152,uav_swarm_1,0.9608,0.5347,649.8,43.3,3895,125.5,1.63
152,uav_swarm_2,0.9307,1.3742,445.6,19.2,3249,58.0,1.53
152,ground_nodes,0.8926,0.9248,314.5,63.6,3682,60.7,1.04
153,satellite_cluster_1,0.9827,1.0642,1125.2,96.5,1981,82.6,1.19
153,satellite_cluster_2,0.9386,0.0209,1105.9,36.8,4290,88.8,1.26
153,uav_swarm_1,0.9438,0.2934,748.4,33.5,1845,141.8,0.57
153,uav_swarm_2,0.9147,0.9932,404.7,23.8,3867,130.1,0.96
153,ground_nodes,0.9364,0.8996,201.5,82.4,2365,86.7,1.28
154,satellite_cluster_1,0.9549,0.2787,1160.6,87.6,3507,51.8,1.54
154,satellite_cluster_2,0.936,0.1688,1011.2,33.8,2612,68.9,1.25
154,uav_swarm_1,0.9328,0.0558,448.2,23.2,3736,139.3,0.75
154,uav_swarm_2,0.9355,0.0507,692.2,78.7,4694,144.6,0.32
154,ground_nodes,0.9618,0.753,148.3,79.6,4331,66.8,1.48
155,satellite_cluster_1,0.9552,0.0945,837.3,111.3,4480,57.7,0.78
155,satellite_cluster_2,0.975,0.2878,1017.3,101.6,2037,61.0,0.83
155,uav_swarm_1,0.9474,0.6092,747.0,50.3,4487,107.2,1.27
155,uav_swarm_2,0.956,0.6637,477.6,36.0,1277,148.1,1.93
155,ground_nodes,0.9269,0.3829,269.7,80.1,4587,91.5,0.17
156,satellite_cluster_1,0.9768,0.2739,1184.1,40.4,1403,147.7,1.21
156,satellite_cluster_2,0.9654,1.0809,801.4,14.4,4135,138.4,0.31
156,uav_swarm_1,0.9216,0.7576,590.2,42.9,2160,54.2,1.38
156,uav_swarm_2,0.8974,0.9724,653.8,101.0,3134,104.3,1.95
156,ground_nodes,0.9103,0.3347,373.5,29.2,4160,106.1,1.96
157,satellite_cluster_1,0.9706,0.5101,962.9,119.9,1949,64.0,0.81
157,satellite_cluster_2,0.9378,0.9545,898.4,73.5,4957,129.7,0.65
157,uav_swarm_1,0.9693,0.0006,644.0,71.7,1027,100.7,0.61
157,uav_swarm_2,0.9654,0.5238,777.8,21.1,1508,112.5,1.65
157,ground_nodes,0.9546,0.6342,383.3,40.0,3194,135.6,1.78
158,satellite_cluster_1,0.9727,0.3345,943.3,20.9,3939,119.5,0.86
158,satellite_cluster_2,0.9446,0.1618,867.9,21.7,2196,62.8,1.53
158,uav_swarm_1,0.9421,0.3624,571.5,100.7,4508,127.4,1.45
158,uav_swarm_2,0.9189,0.9706,763.6,116.6,1076,53.2,0.19
158,ground_nodes,0.9218,0.4247,243.8,90.2,4811,83.1,1.13
159,satellite_cluster_1,0.9482,0.5367,826.6,70.7,3896,86.2,0.42
159,satellite_cluster_2,0.9497,0.7995,1170.0,103.3,3111,68.2,1.27
159,uav_swarm_1,0.9808,0.1964,798.0,113.2,4052,130.9,0.55
159,uav_swarm_2,0.9099,0.2509,536.3,115.0,1666,61.2,1.48
159,ground_nodes,0.9383,0.6726,314.8,93.8,4022,131.6,0.67
160,satellite_cluster_1,0.9395,0.4614,840.9,61.7,2413,62.4,1.84
160,satellite_cluster_2,0.9581,0.1604,1037.2,69.8,1825,104.4,1.63
160,uav_swarm_1,0.9635,0.5242,423.4,74.7,2169,103.2,0.93
160,uav_swarm_2,0.9675,0.3922,487.7,90.8,4204,112.7,1.15
160,ground_nodes,0.9542,0.0666,360.4,112.2,3564,134.9,0.55
161,satellite_cluster_1,0.9434,0.4399,1027.5,71.5,1792,81.7,1.94
161,satellite_cluster_2,0.9654,0.2994,942.6,74.0,3803,105.6,1.67
161,uav_swarm_1,0.9631,0.5028,651.2,102.4,3614,140.4,0.26
161,uav_swarm_2,0.9565,0.3711,652.6,18.7,1241,96.3,0.7
161,ground_nodes,0.9551,0.639,208.1,57.0,2735,61.9,1.75
162,satellite_cluster_1,0.9668,0.0005,900.2,44.2,2619,54.7,0.92
162,satellite_cluster_2,0.966,0.5592,894.8,86.3,2841,123.4,1.88
162,uav_swarm_1,0.9409,0.5048,535.4,53.8,2284,117.4,0.74
162,uav_swarm_2,0.9522,0.138,593.5,90.2,3375,149.1,0.92
162,ground_nodes,0.9346,0.362,158.4,30.3,4011,108.1,1.92
163,satellite_cluster_1,0.9466,0.2141,869.0,76.1,1921,135.0,1.87
163,satellite_cluster_2,0.9355,0.5896,1160.6,29.2,2012,56.5,1.28
163,uav_swarm_1,0.9532,0.0409,782.8,106.7,1791,106.5,1.52
163,uav_swarm_2,0.9597,0.4755,729.5,80.2,3253,82.4,0.52
163,ground_nodes,0.9224,0.4218,255.0,33.5,1597,138.3,0.55
164,satellite_cluster_1,0.9747,0.1887,870.9,61.1,3365,101.3,0.68
164,satellite_cluster_2,0.93,0.448,1054.5,65.0,2655,93.3,0.34
164,uav_swarm_1,0.9799,0.3661,673.4,40.9,1970,107.1,0.95
164,uav_swarm_2,0.9386,0.5437,597.3,42.6,4377,133.2,0.97
164,ground_nodes,0.9593,0.8978,111.6,30.2,1476,124.4,1.73
165,satellite_cluster_1,0.9392,0.0242,942.6,101.6,1229,55.5,1.64
165,satellite_cluster_2,0.9213,0.6442,879.1,50.0,1973,140.1,0.6
165,uav_swarm_1,0.9542,0.7711,408.1,89.7,4475,73.1,1.6
165,uav_swarm_2,0.9187,0.644,591.5,54.7,4889,87.2,0.7
165,ground_nodes,0.9152,0.6182,353.8,99.4,4500,108.8,1.12
166,satellite_cluster_1,0.963,0.9329,1142.8,35.6,3960,67.9,1.64
166,satellite_cluster_2,0.9539,0.6396,1012.0,82.4,1329,93.1,0.95
166,uav_swarm_1,0.9651,0.0251,474.1,79.0,2268,123.4,0.8
166,uav_swarm_2,0.9715,0.1444,775.2,89.6,1392,104.9,1.01
166,ground_nodes,0.9276,0.1653,180.0,47.9,2838,126.8,1.8
167,satellite_cluster_1,0.9663,0.4578,1054.9,96.6,1096,64.1,1.84
167,satellite_cluster_2,0.9415,0.4768,1183.9,106.7,3548,143.3,0.52
167,uav_swarm_1,0.9576,0.7653,747.9,97.7,2676,64.3,0.49
167,uav_swarm_2,0.9595,1.0532,481.6,109.3,2671,102.1,0.84
167,ground_nodes,0.9355,0.5857,333.6,104.1,3120,89.4,1.49
168,satellite_cluster_1,0.9474,0.1274,803.2,93.5,3918,88.8,1.19
168,satellite_cluster_2,0.9494,0.6344,1113.8,75.6,3470,99.4,1.28
168,uav_swarm_1,0.9513,0.3915,617.4,67.8,4936,78.0,1.95
168,uav_swarm_2,0.9381,0.1672,701.1,82.4,1016,70.8,0.95
168,ground_nodes,0.9356,0.424,258.1,61.2,3462,75.1,0.73
169,satellite_cluster_1,0.9489,0.4916,836.8,85.5,3565,69.2,1.61
169,satellite_cluster_2,0.9627,0.8163,844.5,33.7,1062,118.3,0.55
169,uav_swarm_1,0.9705,0.441,467.0,39.2,1244,137.2,0.16
169,uav_swarm_2,0.9752,0.3636,725.9,112.0,2218,72.6,1.35
169,ground_nodes,0.9662,0.5736,199.8,75.2,4793,135.5,0.47
170,satellite_cluster_1,0.9496,0.3496,1003.5,23.7,2479,142.8,0.59
170,satellite_cluster_2,0.9462,0.0293,897.3,24.2,3569,117.1,1.43
170,uav_swarm_1,0.945,0.3786,796.5,56.5,2112,89.4,0.68
170,uav_swarm_2,0.9156,0.4221,549.9,98.0,2237,76.3,0.18
170,ground_nodes,0.9427,0.6739,366.0,88.9,2071,105.3,1.73
171,satellite_cluster_1,0.9528,0.2771,1015.3,99.2,1078,139.7,0.2
171,satellite_cluster_2,0.9643,0.1847,1047.7,13.7,2737,56.4,0.78
171,uav_swarm_1,0.972,1.1348,561.9,57.2,1465,73.0,0.58
171,uav_swarm_2,0.9456,0.6856,687.3,77.3,2586,102.7,1.12
171,ground_nodes,0.9247,0.8153,244.6,116.6,3739,65.4,0.35
172,satellite_cluster_1,0.9716,0.2875,918.2,12.4,3337,140.6,0.4
172,satellite_cluster_2,0.9651,0.2973,1042.4,49.5,4593,143.9,0.45
172,uav_swarm_1,0.9462,0.0769,596.6,12.0,4214,138.5,1.2
172,uav_swarm_2,0.9325,0.1765,754.3,42.8,2778,82.6,0.35
172,ground_nodes,0.9723,0.4781,133.0,56.7,1315,75.2,0.32
173,satellite_cluster_1,0.979,0.5712,1115.8,84.1,1599,54.0,1.8
173,satellite_cluster_2,0.9841,0.8755,1139.2,92.7,4273,76.5,0.52
173,uav_swarm_1,0.935,0.5923,581.6,64.2,4283,114.4,1.26
173,uav_swarm_2,0.9666,0.9046,607.9,85.0,1027,64.4,1.76
173,ground_nodes,0.9526,0.019,264.0,71.3,2979,89.4,0.48
174,satellite_cluster_1,0.9716,0.072,1075.1,61.8,4258,103.9,0.58
174,satellite_cluster_2,0.9616,0.437,1103.2,119.8,2672,59.0,0.64
174,uav_swarm_1,0.9503,0.6324,549.3,107.8,4592,138.5,1.02
174,uav_swarm_2,0.9439,0.5355,613.7,43.1,4633,67.9,1.19
174,ground_nodes,0.9383,0.9363,111.9,93.9,3285,107.1,1.0
175,satellite_cluster_1,0.9872,0.4945,936.3,52.8,3702,144.6,1.45
175,satellite_cluster_2,0.9593,1.0116,989.9,22.1,4838,139.0,1.96
175,uav_swarm_1,0.9641,0.4971,400.5,108.4,3717,62.2,0.46
175,uav_swarm_2,0.9551,0.0711,714.8,44.6,4025,60.2,0.37
175,ground_nodes,0.9337,0.8087,150.8,66.2,1479,149.0,1.63
176,satellite_cluster_1,0.9487,0.3217,936.1,45.0,1178,75.0,0.49
176,satellite_cluster_2,0.9552,0.1802,854.2,55.7,1407,137.1,0.62
176,uav_swarm_1,0.9543,0.3128,661.5,20.4,2449,86.4,0.95
176,uav_swarm_2,0.9656,0.0386,670.6,94.0,1042,69.3,1.19
176,ground_nodes,0.9595,0.3398,155.2,61.1,2148,127.5,1.88
177,satellite_cluster_1,0.953,0.2021,912.9,104.7,4815,109.2,1.54
177,satellite_cluster_2,0.9657,0.1041,1125.7,94.5,1651,74.0,0.6
177,uav_swarm_1,0.9349,0.4076,678.9,32.8,1802,149.6,0.13
177,uav_swarm_2,0.9231,0.2343,504.9,34.5,1982,128.5,1.87
177,ground_nodes,0.9149,0.6408,178.8,92.0,4697,130.9,1.8
178,satellite_cluster_1,0.9886,0.462,850.9,53.6,1564,93.2,1.1
178,satellite_cluster_2,0.9691,0.4242,985.8,56.7,3664,108.9,0.58
178,uav_swarm_1,0.9484,0.0116,661.1,23.3,1413,88.8,1.31
178,uav_swarm_2,0.9512,0.2912,457.0,30.6,3459,96.9,0.86
178,ground_nodes,0.9483,0.2607,397.9,53.5,1809,61.6,0.3
179,satellite_cluster_1,0.9446,0.7143,811.2,117.8,1078,77.9,0.41
179,satellite_cluster_2,0.9393,0.4373,1079.6,60.2,3095,132.2,1.85
179,uav_swarm_1,0.938,0.6779,564.6,76.1,4624,136.9,0.24
179,uav_swarm_2,0.9516,0.8187,563.3,44.1,4774,141.4,1.68
179,ground_nodes,0.924,0.1444,250.1,11.6,4898,111.8,0.97
180,satellite_cluster_1,0.9466,0.8078,1057.3,107.0,2386,72.9,0.48
180,satellite_cluster_2,0.9555,0.6276,912.4,55.4,3802,96.6,1.34
180,uav_swarm_1,0.9449,0.3666,767.6,83.7,1421,53.9,0.13
180,uav_swarm_2,0.9185,0.3838,673.3,89.7,4491,105.3,1.42
180,ground_nodes,0.9211,0.5745,388.9,23.5,1427,59.8,1.09
181,satellite_cluster_1,0.98,0.8173,980.4,67.5,4736,53.6,1.73
181,satellite_cluster_2,0.9719,0.3696,855.7,73.8,3675,60.9,1.1
181,uav_swarm_1,0.9356,0.8532,551.6,112.8,2694,67.3,0.19
181,uav_swarm_2,0.9387,0.3732,623.2,30.3,4887,123.5,0.22
181,ground_nodes,0.9174,0.6807,308.9,44.1,2889,68.3,1.39
182,satellite_cluster_1,0.9527,0.9512,1144.7,26.6,2626,144.9,0.78
182,satellite_cluster_2,0.9861,0.7374,809.2,115.5,4633,103.2,1.81
182,uav_swarm_1,0.9473,0.2758,658.6,48.6,4350,86.1,1.59
182,uav_swarm_2,0.9521,0.6125,578.4,34.5,3446,143.1,1.55
182,ground_nodes,0.912,0.5299,263.6,94.2,1963,126.0,1.34
183,satellite_cluster_1,0.99,0.0429,816.1,93.8,2118,61.3,1.7
183,satellite_cluster_2,0.9434,0.2045,1184.0,51.7,2106,134.2,0.35
183,uav_swarm_1,0.9684,1.054,412.4,32.2,1398,86.1,1.74
183,uav_swarm_2,0.9671,0.4559,599.2,53.9,4339,141.0,1.06
183,ground_nodes,0.954,0.0419,160.5,18.2,4710,88.8,1.23
184,satellite_cluster_1,0.9689,0.5002,1132.4,110.3,4712,119.4,0.74
184,satellite_cluster_2,0.9646,0.2257,1030.5,114.7,1537,64.9,1.66
184,uav_swarm_1,0.9337,0.1072,486.7,74.4,3620,101.3,0.41
184,uav_swarm_2,0.99,0.2601,595.8,63.8,1850,138.8,0.57
184,ground_nodes,0.9707,0.6226,186.6,55.0,4177,51.5,0.95
185,satellite_cluster_1,0.99,0.1336,1133.3,98.3,2934,143.4,0.31
185,satellite_cluster_2,0.99,0.8357,1072.0,39.2,4831,117.3,1.22
185,uav_swarm_1,0.9621,0.371,596.8,100.5,1016,64.7,1.7
185,uav_swarm_2,0.99,0.0969,758.6,43.0,2738,82.5,1.62
185,ground_nodes,0.9459,0.0666,154.0,48.2,1148,50.0,1.63
186,satellite_cluster_1,0.9371,0.1543,953.2,79.3,2053,68.7,1.62
186,satellite_cluster_2,0.9577,0.0981,1099.1,41.0,3448,67.8,0.18
186,uav_swarm_1,0.956,0.9043,526.7,23.9,4629,121.9,1.17
186,uav_swarm_2,0.9578,0.6872,694.0,41.9,2967,84.4,1.48
186,ground_nodes,0.9193,0.6504,190.8,63.5,4220,68.7,1.13
187,satellite_cluster_1,0.9425,0.1454,940.6,17.0,4132,67.5,0.37
187,satellite_cluster_2,0.959,0.1838,1006.2,24.7,4491,122.9,1.41
187,uav_swarm_1,0.9581,0.2627,512.0,13.2,3000,78.6,0.57
187,uav_swarm_2,0.9423,0.5956,548.0,26.7,2061,118.7,1.18
187,ground_nodes,0.9682,0.2083,261.2,61.6,3634,102.1,1.22
188,satellite_cluster_1,0.9776,0.4809,803.9,37.2,2081,67.0,1.54
188,satellite_cluster_2,0.9823,0.5909,806.2,21.8,1183,88.7,1.4
188,uav_swarm_1,0.9459,0.7127,778.0,11.5,3340,67.0,0.77
188,uav_swarm_2,0.9719,0.6645,772.9,106.4,3124,102.1,1.68
188,ground_nodes,0.9475,0.518,209.5,60.4,1614,93.3,0.97
189,satellite_cluster_1,0.9387,1.0571,824.5,63.8,2194,120.8,0.27
189,satellite_cluster_2,0.9869,0.9654,893.4,69.7,1599,96.8,1.79
189,uav_swarm_1,0.9655,0.6733,725.3,80.7,1579,76.6,0.87
189,uav_swarm_2,0.9295,0.5228,626.1,79.1,2866,98.9,1.43
189,ground_nodes,0.9413,0.5851,255.5,67.4,4768,109.9,1.41
190,satellite_cluster_1,0.9847,0.8109,928.4,73.3,2310,70.5,1.8
190,satellite_cluster_2,0.9603,0.5544,1003.9,29.3,1390,70.9,1.9
190,uav_swarm_1,0.9457,0.6443,438.2,58.5,3636,125.3,0.91
190,uav_swarm_2,0.9509,0.8489,730.9,99.9,1935,78.9,1.62
190,ground_nodes,0.9579,0.3418,128.7,22.2,1239,97.3,1.68
191,satellite_cluster_1,0.9451,0.7038,1179.6,16.7,3226,95.5,0.15
191,satellite_cluster_2,0.9892,0.3298,1128.5,86.9,1243,70.4,0.46
191,uav_swarm_1,0.9811,0.4841,627.6,108.3,2138,52.8,0.36
191,uav_swarm_2,0.9844,0.6425,615.2,49.1,2164,127.8,0.57
191,ground_nodes,0.9565,0.7327,344.1,10.5,3480,127.4,0.18
192,satellite_cluster_1,0.9423,0.4424,972.5,57.7,4340,115.4,0.38
192,satellite_cluster_2,0.952,0.3325,895.5,34.9,4556,106.4,1.1
192,uav_swarm_1,0.9609,0.5552,685.6,14.0,4340,64.8,0.14
192,uav_swarm_2,0.976,1.0502,794.8,107.6,2199,134.6,0.72
192,ground_nodes,0.962,1.2,298.9,91.5,2406,74.1,0.68
193,satellite_cluster_1,0.9643,0.6516,1195.0,51.0,2241,139.8,0.46
193,satellite_cluster_2,0.9826,0.8549,1034.8,89.3,1163,68.6,0.79
193,uav_swarm_1,0.9501,0.1781,508.7,48.7,3295,92.8,1.97
193,uav_swarm_2,0.9685,0.3918,737.3,114.7,4562,110.8,1.1
193,ground_nodes,0.9598,0.257,332.6,54.5,1671,137.5,1.44
194,satellite_cluster_1,0.9656,0.9811,1169.7,100.8,3113,128.5,0.96
194,satellite_cluster_2,0.9355,0.4901,1064.4,70.6,2156,64.9,1.68
194,uav_swarm_1,0.9606,0.6256,658.0,50.3,4285,127.6,1.64
194,uav_swarm_2,0.9486,0.509,704.7,21.7,3155,142.7,0.16
194,ground_nodes,0.9412,0.3454,118.9,96.8,1633,76.2,0.92
195,satellite_cluster_1,0.9455,1.0069,1090.5,22.1,2564,72.5,1.26
195,satellite_cluster_2,0.99,0.7284,1048.3,116.6,4209,105.7,0.35
195,uav_swarm_1,0.9517,0.0545,653.3,30.2,4947,120.7,0.18
195,uav_swarm_2,0.9357,0.5292,798.3,108.7,3763,84.7,1.29
195,ground_nodes,0.9041,0.2275,217.5,98.4,1434,92.4,0.38
196,satellite_cluster_1,0.9537,0.8074,960.1,108.3,4303,149.4,0.42
196,satellite_cluster_2,0.9633,0.1506,1055.5,28.8,4886,87.2,0.81
196,uav_swarm_1,0.949,0.4518,696.1,94.7,4029,86.4,0.22
196,uav_swarm_2,0.96,0.5942,650.4,111.5,3429,71.5,1.79
196,ground_nodes,0.9369,0.8031,257.2,110.6,1270,63.9,0.9
197,satellite_cluster_1,0.9664,0.8013,951.8,15.3,4606,57.3,0.87
197,satellite_cluster_2,0.9504,0.1759,1148.0,92.1,2511,74.4,1.27
197,uav_swarm_1,0.9762,0.1463,779.2,80.2,1623,95.1,1.52
197,uav_swarm_2,0.9429,0.508,587.4,107.4,4590,52.6,1.98
197,ground_nodes,0.9612,0.3598,154.1,16.9,2715,89.4,0.42
198,satellite_cluster_1,0.8969,0.3229,1182.5,57.7,2685,122.7,0.69
198,satellite_cluster_2,0.9522,0.178,970.7,66.6,3114,86.1,1.67
198,uav_swarm_1,0.9799,0.3042,793.0,16.6,3750,127.3,1.31
198,uav_swarm_2,0.9248,0.6394,658.1,46.8,2452,82.9,1.24
198,ground_nodes,0.9317,0.2433,225.0,48.9,3660,118.0,1.53
199,satellite_cluster_1,0.9685,0.1243,1164.9,116.5,4848,135.1,0.59
199,satellite_cluster_2,0.9627,0.2783,1013.3,82.5,1632,95.8,1.71
199,uav_swarm_1,0.9647,0.9282,538.9,30.6,1209,148.5,1.79
199,uav_swarm_2,0.9442,0.9272,473.5,113.6,3499,119.9,0.75
199,ground_nodes,0.9212,0.4374,150.4,28.1,3970,72.0,1.02
200,satellite_cluster_1,0.9626,0.3252,967.6,95.7,3576,54.6,0.9
200,satellite_cluster_2,0.9695,0.8326,1172.5,106.4,4850,98.5,1.69
200,uav_swarm_1,0.9441,0.3009,435.6,39.9,4642,92.4,1.07
200,uav_swarm_2,0.9681,1.277,403.5,63.4,2291,119.8,1.12
200,ground_nodes,0.9372,0.6492,214.3,95.5,3749,81.3,1.22
