episode,reward,policy_loss,value_loss,entropy,learning_rate,physics_constraint_violation,orbital_mechanics_accuracy,routing_efficiency,algorithm
1,-128.4,0.1681,0.7729,1.7656,0.0003,0.082,0.99,0.855,PPO
2,-64.27,0.3801,1.1123,0.8439,0.0003,0.0933,0.949,0.904,PPO
3,-74.89,0.3281,1.0906,1.0138,0.0003,0.0836,0.965,0.81,PPO
4,-66.79,1.1018,2.0308,1.3853,0.0003,0.1208,0.976,0.84,PPO
5,-97.19,0.8937,1.558,1.4446,0.0003,0.0649,0.975,0.878,PPO
6,-119.3,0.4419,0.6416,0.2683,0.0003,0.1867,0.935,0.89,PPO
7,-92.09,0.673,1.9309,1.5927,0.0003,0.1077,0.928,0.861,PPO
8,-102.76,0.8266,1.9423,0.4505,0.0003,0.1543,0.945,0.85,PPO
9,-105.3,0.7314,0.052,1.8873,0.0003,0.017,0.938,0.864,PPO
10,-83.9,0.3402,0.415,0.3536,0.0003,0.2872,0.926,0.909,PPO
11,-151.04,0.4517,1.4501,0.4019,0.0003,0.0778,0.963,0.82,PPO
12,-77.73,0.8681,0.9499,0.5972,0.0003,0.0204,0.937,0.936,PPO
13,-109.3,0.2232,0.8481,1.5758,0.0003,0.1568,0.925,0.873,PPO
14,-140.43,0.7652,1.3684,0.1415,0.0003,0.0281,0.966,0.945,PPO
15,-77.34,0.529,0.9452,0.5943,0.0003,0.0604,0.971,0.947,PPO
16,-74.96,0.1237,1.1468,0.9815,0.0003,0.1357,0.988,0.891,PPO
17,-106.47,0.4054,0.7866,0.5768,0.0003,0.0542,0.98,0.884,PPO
18,-110.08,0.5185,1.2144,0.2286,0.0003,0.0693,0.97,0.882,PPO
19,-90.88,0.2513,0.3668,1.8968,0.0003,0.0058,0.979,0.9,PPO
20,-135.95,0.1971,1.3096,0.2183,0.0003,0.2057,0.956,0.921,PPO
21,-101.11,0.4823,0.6858,0.5914,0.0003,0.0602,0.932,0.85,PPO
22,-85.18,0.9874,1.1615,1.7712,0.0003,0.0252,0.981,0.836,PPO
23,-80.76,0.4904,0.9695,1.8275,0.0003,0.0736,0.958,0.875,PPO
24,-80.61,0.2745,0.7868,1.5737,0.0003,0.1148,0.988,0.831,PPO
25,-122.69,0.5602,1.1813,1.3057,0.0003,0.1368,0.976,0.859,PPO
26,-84.2,0.7558,1.2424,1.6072,0.0003,0.0846,0.942,0.929,PPO
27,-90.36,0.645,0.7267,1.7986,0.0003,0.0516,0.966,0.823,PPO
28,-43.28,0.1797,1.0121,1.9375,0.0003,0.1412,0.949,0.948,PPO
29,-61.06,0.9297,0.4055,0.124,0.0003,0.0255,0.959,0.879,PPO
30,-71.93,0.5977,1.0972,0.4561,0.0003,0.0353,0.98,0.923,PPO
31,-46.87,0.6052,0.8482,1.6611,0.0003,0.1955,0.952,0.854,PPO
32,-56.59,0.4931,0.5003,1.4528,0.0003,0.0505,0.978,0.815,PPO
33,-93.34,0.3768,0.6686,1.5228,0.0003,0.203,0.966,0.893,PPO
34,-61.58,0.3705,1.2019,1.3049,0.0003,0.0024,0.929,0.901,PPO
35,-57.16,0.1636,0.799,1.6904,0.0003,0.0524,0.94,0.896,PPO
36,-78.05,1.0817,0.4998,0.1631,0.0003,0.0678,0.941,0.898,PPO
37,-65.62,0.7002,0.394,1.8237,0.0003,0.0834,0.967,0.884,PPO
38,-82.27,0.2076,1.5535,1.1386,0.0003,0.012,0.947,0.947,PPO
39,-82.89,0.2172,0.8891,1.7308,0.0003,0.0422,0.94,0.937,PPO
40,-63.89,0.6846,0.5323,1.6758,0.0003,0.1086,0.94,0.931,PPO
41,-71.4,0.3063,0.5446,0.5596,0.0003,0.0092,0.921,0.87,PPO
42,-61.73,0.0151,0.4732,1.5121,0.0003,0.1068,0.923,0.935,PPO
43,-68.69,0.7697,1.4512,0.4521,0.0003,0.0214,0.926,0.836,PPO
44,-75.4,0.8486,0.5363,0.2783,0.0003,0.0238,0.984,0.9,PPO
45,-63.27,1.3063,0.095,0.9257,0.0003,0.0688,0.974,0.89,PPO
46,-78.63,0.7859,1.8061,1.2242,0.0003,0.1315,0.969,0.836,PPO
47,-94.74,0.509,0.8717,1.3392,0.0003,0.2403,0.987,0.89,PPO
48,-74.1,1.0085,0.6887,0.5833,0.0003,0.0195,0.945,0.871,PPO
49,-78.93,0.1204,1.226,0.6333,0.0003,0.124,0.934,0.877,PPO
50,-80.27,0.2744,1.1596,1.0741,0.000285,0.134,0.941,0.94,PPO
51,-89.22,0.4417,0.5569,0.7559,0.000285,0.0269,0.956,0.931,PPO
52,-35.17,0.4818,0.6458,0.9015,0.000285,0.1514,0.949,0.936,PPO
53,-57.32,0.9594,1.4606,1.9146,0.000285,0.0542,0.977,0.8,PPO
54,-81.99,0.544,1.8061,0.3175,0.000285,0.0897,0.947,0.868,PPO
55,-89.66,0.4079,1.7607,0.2349,0.000285,0.0491,0.926,0.853,PPO
56,-68.09,0.6326,0.4548,1.228,0.000285,0.1411,0.921,0.895,PPO
57,-66.9,0.7277,1.1908,0.3291,0.000285,0.0637,0.983,0.81,PPO
58,-93.48,0.5326,0.9834,0.6606,0.000285,0.0208,0.954,0.887,PPO
59,-109.38,0.7198,1.4277,1.7066,0.000285,0.1287,0.968,0.864,PPO
60,-93.64,0.7757,1.5003,0.9482,0.000285,0.0671,0.976,0.923,PPO
61,-105.74,0.292,0.0822,1.242,0.000285,0.1171,0.969,0.903,PPO
62,-90.75,0.3768,0.4471,1.7912,0.000285,0.0215,0.944,0.823,PPO
63,-67.53,0.4516,0.2937,0.2363,0.000285,0.1213,0.949,0.847,PPO
64,-48.82,0.9847,0.3828,1.9773,0.000285,0.0592,0.952,0.903,PPO
65,-68.63,0.156,1.0027,1.9316,0.000285,0.0476,0.947,0.806,PPO
66,-69.07,0.389,0.8706,0.6496,0.000285,0.1599,0.983,0.817,PPO
67,-68.77,0.5687,1.1198,1.6707,0.000285,0.0904,0.989,0.843,PPO
68,-68.64,0.6343,0.2146,1.1287,0.000285,0.1127,0.931,0.883,PPO
69,-34.64,0.5751,0.8904,0.6744,0.000285,0.1228,0.938,0.829,PPO
70,-69.07,0.3584,0.0104,1.2029,0.000285,0.0748,0.93,0.867,PPO
71,-69.42,1.2002,1.1459,1.1818,0.000285,0.0899,0.963,0.83,PPO
72,-74.23,0.4682,2.3222,0.5327,0.000285,0.1503,0.987,0.936,PPO
73,-59.21,1.0307,0.8191,1.609,0.000285,0.028,0.939,0.932,PPO
74,-56.6,0.4912,1.563,1.2186,0.000285,0.0051,0.946,0.843,PPO
75,-50.97,0.2824,1.1202,1.0354,0.000285,0.242,0.96,0.93,PPO
76,-64.48,0.5857,1.2606,1.1897,0.000285,0.0645,0.987,0.83,PPO
77,-39.69,0.4387,0.9324,1.0698,0.000285,0.1004,0.964,0.939,PPO
78,-63.0,0.3834,1.5621,1.4158,0.000285,0.0948,0.929,0.845,PPO
79,-39.34,0.3405,0.5528,1.9192,0.000285,0.0684,0.921,0.95,PPO
80,-42.82,0.6539,1.3625,1.5069,0.000285,0.0516,0.93,0.913,PPO
81,-47.57,0.8547,1.2923,1.2658,0.000285,0.045,0.926,0.873,PPO
82,-64.4,0.2765,0.6624,0.7628,0.000285,0.0145,0.928,0.921,PPO
83,-60.17,0.6826,0.7684,1.0512,0.000285,0.0219,0.976,0.906,PPO
84,-92.56,0.2712,0.6154,1.6266,0.000285,0.094,0.985,0.861,PPO
85,-65.62,0.69,0.2296,1.3169,0.000285,0.0133,0.989,0.891,PPO
86,-32.48,0.1074,0.5098,1.2131,0.000285,0.0184,0.964,0.811,PPO
87,-81.44,0.7347,1.4217,1.6275,0.000285,0.0559,0.959,0.878,PPO
88,-51.13,0.3473,0.9872,0.6401,0.000285,0.1769,0.929,0.894,PPO
89,-71.15,0.5046,1.4775,0.2191,0.000285,0.1033,0.979,0.801,PPO
90,-41.77,0.2399,0.6709,0.7844,0.000285,0.0304,0.939,0.926,PPO
91,-37.38,0.3009,0.9202,1.8289,0.000285,0.0945,0.946,0.945,PPO
92,-52.27,0.3252,0.2194,1.3022,0.000285,0.0134,0.969,0.801,PPO
93,-46.79,0.2551,1.0958,1.546,0.000285,0.0068,0.987,0.905,PPO
94,-69.25,0.4052,1.3079,0.1916,0.000285,0.1204,0.945,0.944,PPO
95,-113.2,0.5051,0.2793,0.8005,0.000285,0.0209,0.946,0.808,PPO
96,-65.28,0.9357,1.1634,0.5028,0.000285,0.03,0.966,0.871,PPO
97,-61.34,0.6095,1.4855,0.6611,0.000285,0.1602,0.93,0.898,PPO
98,-72.94,0.8376,0.4053,1.4551,0.000285,0.1643,0.934,0.934,PPO
99,-72.78,0.0762,0.1281,1.6874,0.000285,0.0119,0.921,0.857,PPO
100,-59.45,0.2017,0.2812,1.1088,0.00027074999999999994,0.0191,0.962,0.801,PPO
101,-43.79,0.4875,2.009,0.6925,0.00027074999999999994,0.0216,0.974,0.916,PPO
102,-45.46,0.5059,1.3364,0.3284,0.00027074999999999994,0.0592,0.939,0.803,PPO
103,-34.29,0.2773,0.0808,0.8063,0.00027074999999999994,0.0256,0.92,0.845,PPO
104,-50.28,0.5153,1.0867,1.5827,0.00027074999999999994,0.0244,0.952,0.86,PPO
105,-61.18,0.4461,0.6284,1.0197,0.00027074999999999994,0.0797,0.972,0.871,PPO
106,-52.52,0.5692,0.3699,0.4721,0.00027074999999999994,0.0616,0.93,0.893,PPO
107,-44.76,0.9239,1.1629,1.3083,0.00027074999999999994,0.037,0.947,0.901,PPO
108,-68.53,0.1227,0.883,0.993,0.00027074999999999994,0.0466,0.982,0.906,PPO
109,-73.78,0.4533,1.0189,0.5596,0.00027074999999999994,0.0585,0.955,0.902,PPO
110,-55.49,0.3928,0.9098,1.1385,0.00027074999999999994,0.1373,0.95,0.807,PPO
111,-55.39,0.1304,1.2239,0.5598,0.00027074999999999994,0.0371,0.987,0.83,PPO
112,-83.03,0.6387,2.0122,0.2389,0.00027074999999999994,0.1363,0.964,0.947,PPO
113,-39.79,0.3257,1.0133,1.9569,0.00027074999999999994,0.0572,0.973,0.824,PPO
114,-14.37,0.4427,1.3599,1.3665,0.00027074999999999994,0.1293,0.931,0.885,PPO
115,-50.28,0.9687,1.3092,0.5345,0.00027074999999999994,0.0207,0.964,0.833,PPO
116,-32.21,0.3644,0.765,0.9145,0.00027074999999999994,0.0266,0.922,0.872,PPO
117,-65.48,0.6017,0.621,1.8471,0.00027074999999999994,0.1566,0.99,0.807,PPO
118,-62.25,0.8964,1.7098,1.845,0.00027074999999999994,0.06,0.987,0.887,PPO
119,-25.13,0.3223,1.2032,0.7813,0.00027074999999999994,0.158,0.966,0.836,PPO
120,-48.39,0.2138,0.7965,1.9059,0.00027074999999999994,0.0686,0.961,0.865,PPO
121,-37.4,1.2903,0.5974,0.7708,0.00027074999999999994,0.0958,0.983,0.942,PPO
122,-51.88,0.7765,0.9362,1.0453,0.00027074999999999994,0.1511,0.934,0.889,PPO
123,-58.82,0.1921,0.8169,0.2352,0.00027074999999999994,0.0444,0.925,0.941,PPO
124,-99.61,0.5597,1.2184,0.7312,0.00027074999999999994,0.0404,0.969,0.916,PPO
125,-66.28,0.6268,1.0547,0.6367,0.00027074999999999994,0.1053,0.95,0.806,PPO
126,-40.0,0.3538,0.6621,1.9488,0.00027074999999999994,0.0034,0.936,0.846,PPO
127,-67.27,0.2753,1.6087,1.712,0.00027074999999999994,0.0821,0.95,0.845,PPO
128,-22.51,0.2057,0.7678,0.8048,0.00027074999999999994,0.0462,0.983,0.921,PPO
129,-16.92,0.016,0.7008,1.1345,0.00027074999999999994,0.0229,0.97,0.825,PPO
130,-37.47,0.9205,1.3252,0.6635,0.00027074999999999994,0.1503,0.97,0.914,PPO
131,-44.9,0.2131,0.1546,1.8726,0.00027074999999999994,0.0157,0.978,0.905,PPO
132,-51.71,1.0386,1.115,1.4851,0.00027074999999999994,0.0498,0.98,0.841,PPO
133,-55.74,0.662,0.3504,1.9592,0.00027074999999999994,0.1222,0.98,0.905,PPO
134,-35.6,1.0023,0.9972,0.823,0.00027074999999999994,0.0669,0.931,0.918,PPO
135,-58.74,0.9333,0.9699,0.5464,0.00027074999999999994,0.0455,0.969,0.923,PPO
136,-34.21,0.5149,1.0035,1.4651,0.00027074999999999994,0.066,0.98,0.827,PPO
137,-39.08,0.916,0.5018,1.7441,0.00027074999999999994,0.028,0.931,0.846,PPO
138,-29.82,0.3824,1.53,0.5759,0.00027074999999999994,0.0617,0.964,0.886,PPO
139,-42.04,0.3081,0.4988,0.7706,0.00027074999999999994,0.1102,0.963,0.85,PPO
140,-55.76,0.9601,0.7321,1.4023,0.00027074999999999994,0.1707,0.943,0.808,PPO
141,-32.09,0.454,1.6936,1.3013,0.00027074999999999994,0.1147,0.934,0.863,PPO
142,-50.93,0.5781,0.5181,0.9208,0.00027074999999999994,0.0957,0.989,0.81,PPO
143,-68.97,0.5232,1.7568,1.4387,0.00027074999999999994,0.0613,0.95,0.852,PPO
144,-72.08,0.305,0.9583,0.6102,0.00027074999999999994,0.145,0.94,0.899,PPO
145,-40.14,0.6188,0.9583,0.2749,0.00027074999999999994,0.0186,0.962,0.894,PPO
146,-67.64,0.7489,1.4057,1.4426,0.00027074999999999994,0.1148,0.963,0.847,PPO
147,-28.28,0.039,0.8925,1.2164,0.00027074999999999994,0.0277,0.969,0.902,PPO
148,-45.74,0.487,0.2344,0.9555,0.00027074999999999994,0.0514,0.987,0.86,PPO
149,-48.61,0.6261,0.5678,1.5219,0.00027074999999999994,0.0141,0.984,0.865,PPO
150,-49.39,0.018,1.8748,1.3116,0.00025721249999999994,0.1381,0.937,0.907,PPO
151,-33.23,0.6704,0.6507,0.5704,0.00025721249999999994,0.0871,0.924,0.869,PPO
152,-26.53,0.9462,0.71,1.9078,0.00025721249999999994,0.0239,0.979,0.921,PPO
153,-67.94,0.562,1.7085,1.502,0.00025721249999999994,0.0681,0.957,0.81,PPO
154,-26.03,0.4372,1.5365,0.6108,0.00025721249999999994,0.2364,0.946,0.934,PPO
155,-17.32,0.6924,2.0707,0.5719,0.00025721249999999994,0.0751,0.969,0.864,PPO
156,0.63,0.27,0.7252,0.9434,0.00025721249999999994,0.086,0.922,0.845,PPO
157,-52.79,0.5012,1.3966,0.3002,0.00025721249999999994,0.0017,0.974,0.861,PPO
158,-63.88,0.744,0.8605,0.2339,0.00025721249999999994,0.028,0.933,0.9,PPO
159,-35.81,0.5495,0.6528,0.6495,0.00025721249999999994,0.033,0.942,0.837,PPO
160,20.69,0.8734,0.3245,1.6743,0.00025721249999999994,0.1322,0.975,0.846,PPO
161,-60.97,0.091,1.3538,1.765,0.00025721249999999994,0.0009,0.927,0.859,PPO
162,-34.33,1.3956,1.1837,1.3862,0.00025721249999999994,0.0314,0.979,0.929,PPO
163,-45.39,0.9773,0.4485,1.3799,0.00025721249999999994,0.0359,0.933,0.904,PPO
164,-45.73,0.4115,1.4879,1.0784,0.00025721249999999994,0.0918,0.931,0.813,PPO
165,-42.78,0.6275,0.6102,0.5225,0.00025721249999999994,0.0288,0.956,0.891,PPO
166,-64.49,0.3306,1.5107,0.89,0.00025721249999999994,0.2088,0.95,0.881,PPO
167,-15.0,0.8166,1.0002,0.8827,0.00025721249999999994,0.1297,0.981,0.895,PPO
168,-56.77,0.5257,0.5373,0.7407,0.00025721249999999994,0.0255,0.93,0.904,PPO
169,-45.73,0.1147,0.934,1.0648,0.00025721249999999994,0.0177,0.949,0.803,PPO
170,16.36,0.1664,1.7321,0.5812,0.00025721249999999994,0.0997,0.921,0.909,PPO
171,-10.95,0.5396,1.1807,1.0217,0.00025721249999999994,0.0338,0.943,0.919,PPO
172,-62.01,0.4391,0.6,0.8369,0.00025721249999999994,0.0064,0.976,0.935,PPO
173,-40.93,0.7822,1.2481,0.2265,0.00025721249999999994,0.0044,0.965,0.811,PPO
174,-11.2,0.3524,0.0617,0.5182,0.00025721249999999994,0.062,0.945,0.856,PPO
175,-38.73,0.3147,1.8808,1.3478,0.00025721249999999994,0.0283,0.97,0.801,PPO
176,-21.75,0.1587,0.8993,1.6285,0.00025721249999999994,0.0007,0.974,0.882,PPO
177,-6.64,0.6244,1.3756,1.0842,0.00025721249999999994,0.0624,0.93,0.901,PPO
178,-6.3,0.7094,0.7785,1.7918,0.00025721249999999994,0.0479,0.972,0.936,PPO
179,-23.34,0.9325,1.3921,1.1997,0.00025721249999999994,0.0311,0.964,0.823,PPO
180,2.23,0.4346,0.5762,0.6963,0.00025721249999999994,0.0652,0.937,0.832,PPO
181,-16.74,0.453,0.3138,0.2462,0.00025721249999999994,0.0031,0.969,0.857,PPO
182,-23.34,0.8092,0.6711,1.4155,0.00025721249999999994,0.0855,0.938,0.941,PPO
183,-61.79,0.8315,0.5913,1.4198,0.00025721249999999994,0.061,0.935,0.889,PPO
184,-16.19,0.1302,1.2761,1.5456,0.00025721249999999994,0.0626,0.933,0.813,PPO
185,-51.94,0.9304,0.77,0.5932,0.00025721249999999994,0.0066,0.922,0.932,PPO
186,-25.77,0.0306,1.0477,0.7138,0.00025721249999999994,0.0263,0.983,0.933,PPO
187,-19.15,0.4123,0.7654,1.1957,0.00025721249999999994,0.0645,0.925,0.814,PPO
188,-17.23,0.6837,0.4917,0.1426,0.00025721249999999994,0.0244,0.945,0.918,PPO
189,-68.42,0.6922,0.3993,0.1273,0.00025721249999999994,0.0692,0.974,0.894,PPO
190,-24.25,0.8273,2.0061,1.7424,0.00025721249999999994,0.1024,0.961,0.887,PPO
191,3.58,0.3524,0.323,1.234,0.00025721249999999994,0.0553,0.985,0.939,PPO
192,-24.25,0.13,1.3128,1.227,0.00025721249999999994,0.0885,0.924,0.868,PPO
193,-7.62,0.8513,1.2791,0.418,0.00025721249999999994,0.016,0.955,0.904,PPO
194,-10.99,0.9024,0.6288,1.3083,0.00025721249999999994,0.0485,0.962,0.827,PPO
195,-38.99,1.046,1.4763,0.4225,0.00025721249999999994,0.0474,0.921,0.917,PPO
196,0.23,0.7562,1.2074,1.9257,0.00025721249999999994,0.0463,0.958,0.873,PPO
197,-52.73,0.4062,0.1726,1.8505,0.00025721249999999994,0.0539,0.961,0.889,PPO
198,-39.8,0.4547,0.963,0.2607,0.00025721249999999994,0.0452,0.962,0.932,PPO
199,-23.66,0.7398,1.2144,1.7836,0.00025721249999999994,0.0341,0.934,0.911,PPO
200,-12.21,0.3105,1.1266,1.9494,0.00024435187499999994,0.082,0.953,0.927,PPO
201,-33.59,0.3546,1.1715,1.8821,0.00024435187499999994,0.0308,0.926,0.858,PPO
202,-33.3,0.0354,0.7544,0.4182,0.00024435187499999994,0.0285,0.93,0.946,PPO
203,-63.63,0.3612,0.6937,0.6688,0.00024435187499999994,0.1052,0.936,0.819,PPO
204,-44.81,0.1112,0.7719,0.5,0.00024435187499999994,0.0181,0.977,0.822,PPO
205,-11.61,0.3859,0.041,1.1705,0.00024435187499999994,0.015,0.976,0.821,PPO
206,-25.38,1.3079,1.1749,0.6199,0.00024435187499999994,0.1004,0.954,0.812,PPO
207,-66.6,0.3819,0.4071,1.4775,0.00024435187499999994,0.2322,0.96,0.9,PPO
208,-19.07,0.6106,1.1969,1.6962,0.00024435187499999994,0.1928,0.989,0.933,PPO
209,-52.22,0.3502,1.8513,1.0359,0.00024435187499999994,0.0075,0.954,0.926,PPO
210,-9.34,0.39,0.1481,0.9626,0.00024435187499999994,0.0924,0.973,0.819,PPO
211,-22.96,0.1235,0.8244,1.325,0.00024435187499999994,0.2685,0.936,0.883,PPO
212,1.51,0.1497,1.1084,0.452,0.00024435187499999994,0.1097,0.94,0.833,PPO
213,-19.02,0.3709,1.1902,1.9429,0.00024435187499999994,0.0191,0.96,0.821,PPO
214,-3.33,0.346,0.641,1.1579,0.00024435187499999994,0.0231,0.979,0.919,PPO
215,-17.13,0.2066,0.6588,1.7607,0.00024435187499999994,0.0677,0.937,0.839,PPO
216,-16.67,0.8687,0.6813,0.9708,0.00024435187499999994,0.0458,0.945,0.814,PPO
217,-10.62,0.4918,0.6719,1.826,0.00024435187499999994,0.0733,0.953,0.87,PPO
218,-39.17,0.6373,0.3738,1.2341,0.00024435187499999994,0.05,0.99,0.915,PPO
219,-3.44,0.3904,0.7003,1.0701,0.00024435187499999994,0.111,0.963,0.937,PPO
220,-16.55,1.6779,0.0421,1.6944,0.00024435187499999994,0.1725,0.931,0.804,PPO
221,-57.62,0.4096,1.1246,0.634,0.00024435187499999994,0.0893,0.932,0.857,PPO
222,-35.4,0.8771,0.7323,1.5683,0.00024435187499999994,0.0358,0.937,0.902,PPO
223,-11.38,0.5342,0.68,0.1364,0.00024435187499999994,0.0166,0.978,0.879,PPO
224,-40.46,0.7235,0.9027,1.9268,0.00024435187499999994,0.0064,0.967,0.94,PPO
225,-12.02,0.0613,0.4139,1.7114,0.00024435187499999994,0.1147,0.986,0.933,PPO
226,-43.55,0.7866,1.438,1.9812,0.00024435187499999994,0.1473,0.942,0.851,PPO
227,-27.79,0.2602,0.5899,1.6857,0.00024435187499999994,0.1251,0.985,0.828,PPO
228,-12.65,0.4428,1.162,0.3859,0.00024435187499999994,0.1148,0.988,0.867,PPO
229,-58.29,0.503,2.0378,1.5272,0.00024435187499999994,0.0372,0.973,0.887,PPO
230,-44.14,1.0242,1.4661,1.8016,0.00024435187499999994,0.0237,0.984,0.847,PPO
231,-47.1,0.7772,0.7489,0.75,0.00024435187499999994,0.0493,0.95,0.925,PPO
232,-17.81,0.3289,0.0897,1.0364,0.00024435187499999994,0.027,0.941,0.889,PPO
233,-48.89,0.4285,1.0614,1.8146,0.00024435187499999994,0.1009,0.944,0.91,PPO
234,-13.69,0.5599,1.132,1.3484,0.00024435187499999994,0.1272,0.983,0.86,PPO
235,-15.08,0.6519,1.0886,0.9816,0.00024435187499999994,0.0912,0.928,0.947,PPO
236,6.06,0.6806,1.036,1.1114,0.00024435187499999994,0.0212,0.927,0.826,PPO
237,-59.01,0.6747,0.967,0.7603,0.00024435187499999994,0.0451,0.924,0.808,PPO
238,-32.25,1.0663,1.2783,0.5804,0.00024435187499999994,0.1335,0.96,0.854,PPO
239,-15.24,0.63,0.0822,0.7889,0.00024435187499999994,0.0329,0.976,0.849,PPO
240,-54.08,0.3496,0.7744,0.8239,0.00024435187499999994,0.0552,0.977,0.924,PPO
241,-39.4,0.1709,1.2054,0.3254,0.00024435187499999994,0.0187,0.985,0.903,PPO
242,-33.61,0.5103,0.2442,0.4063,0.00024435187499999994,0.0658,0.966,0.946,PPO
243,11.2,0.6497,0.9326,0.3211,0.00024435187499999994,0.0707,0.963,0.941,PPO
244,-34.86,0.5673,1.3573,0.8661,0.00024435187499999994,0.205,0.978,0.922,PPO
245,-54.22,0.914,0.7674,0.7743,0.00024435187499999994,0.0289,0.949,0.901,PPO
246,-33.97,0.5613,0.3989,0.3979,0.00024435187499999994,0.0396,0.978,0.806,PPO
247,-46.72,0.4123,1.0766,0.5396,0.00024435187499999994,0.1018,0.955,0.91,PPO
248,-18.08,0.7078,0.3653,1.5296,0.00024435187499999994,0.1703,0.957,0.902,PPO
249,10.08,0.3492,0.8507,1.6826,0.00024435187499999994,0.0274,0.958,0.927,PPO
250,-61.65,0.1648,0.9071,1.704,0.0002321342812499999,0.031,0.954,0.877,PPO
251,-8.72,0.0294,0.8872,0.6168,0.0002321342812499999,0.0086,0.92,0.947,PPO
252,-23.94,0.6259,0.5681,1.3751,0.0002321342812499999,0.1279,0.976,0.942,PPO
253,5.02,0.3577,1.0367,1.3531,0.0002321342812499999,0.0336,0.968,0.818,PPO
254,-47.65,0.6717,1.2253,0.8927,0.0002321342812499999,0.187,0.931,0.826,PPO
255,8.27,0.3572,0.5798,0.1315,0.0002321342812499999,0.0225,0.966,0.89,PPO
256,-31.2,0.3163,1.2456,1.8603,0.0002321342812499999,0.0358,0.949,0.808,PPO
257,-19.73,0.344,0.8206,1.2082,0.0002321342812499999,0.0082,0.921,0.918,PPO
258,-23.05,0.4887,0.1344,1.9502,0.0002321342812499999,0.1495,0.958,0.841,PPO
259,-41.53,0.7803,0.8791,1.1448,0.0002321342812499999,0.078,0.924,0.864,PPO
260,-12.37,0.641,0.6462,1.6529,0.0002321342812499999,0.0712,0.985,0.814,PPO
261,-60.6,0.317,1.3387,0.1975,0.0002321342812499999,0.0775,0.954,0.866,PPO
262,-41.53,0.0106,0.3813,1.1868,0.0002321342812499999,0.0109,0.976,0.914,PPO
263,-24.08,0.4491,0.5968,0.8761,0.0002321342812499999,0.1346,0.968,0.809,PPO
264,-22.45,0.3752,0.5271,1.3189,0.0002321342812499999,0.0608,0.938,0.933,PPO
265,-26.64,0.683,0.7654,0.557,0.0002321342812499999,0.1428,0.967,0.924,PPO
266,-0.7,0.6566,0.4482,1.5021,0.0002321342812499999,0.0331,0.945,0.901,PPO
267,-27.68,0.4381,1.3026,1.1978,0.0002321342812499999,0.1115,0.981,0.843,PPO
268,25.6,0.3147,0.2325,0.7275,0.0002321342812499999,0.188,0.959,0.928,PPO
269,-1.35,0.6628,1.7348,0.1308,0.0002321342812499999,0.0295,0.977,0.806,PPO
270,-38.84,0.2969,0.6137,1.7446,0.0002321342812499999,0.083,0.927,0.819,PPO
271,-28.73,0.7684,1.4508,1.246,0.0002321342812499999,0.1688,0.968,0.886,PPO
272,-52.69,0.3427,0.6323,1.4155,0.0002321342812499999,0.0721,0.936,0.894,PPO
273,-35.6,0.713,1.5364,0.1855,0.0002321342812499999,0.0325,0.971,0.851,PPO
274,-3.73,0.4883,0.791,0.126,0.0002321342812499999,0.2026,0.926,0.839,PPO
275,-17.69,0.4182,1.7216,0.4318,0.0002321342812499999,0.2206,0.941,0.9,PPO
276,-15.4,0.7814,1.0062,0.2318,0.0002321342812499999,0.2868,0.926,0.89,PPO
277,-6.41,0.4281,0.4662,1.458,0.0002321342812499999,0.028,0.941,0.879,PPO
278,-6.8,0.5894,1.3193,1.3913,0.0002321342812499999,0.1058,0.986,0.844,PPO
279,-5.7,0.1587,1.6063,0.1309,0.0002321342812499999,0.1735,0.971,0.849,PPO
280,-5.33,1.0824,0.5608,0.2794,0.0002321342812499999,0.0378,0.978,0.938,PPO
281,-33.73,0.5861,1.7676,1.5817,0.0002321342812499999,0.0657,0.928,0.8,PPO
282,-36.74,0.9066,1.5851,1.9195,0.0002321342812499999,0.0134,0.96,0.877,PPO
283,-16.32,0.2475,1.7091,0.8386,0.0002321342812499999,0.1589,0.937,0.814,PPO
284,-30.75,0.4136,1.7093,1.7599,0.0002321342812499999,0.2488,0.99,0.887,PPO
285,-29.33,0.8044,0.5911,1.3778,0.0002321342812499999,0.1633,0.968,0.847,PPO
286,-11.21,0.2186,1.1083,1.4175,0.0002321342812499999,0.1026,0.969,0.913,PPO
287,-17.87,0.825,1.3725,0.4546,0.0002321342812499999,0.1439,0.922,0.843,PPO
288,23.96,0.1956,0.8193,0.3385,0.0002321342812499999,0.0416,0.987,0.816,PPO
289,33.44,0.3073,0.5733,0.2084,0.0002321342812499999,0.0085,0.927,0.888,PPO
290,-48.53,0.5774,1.5519,0.179,0.0002321342812499999,0.0475,0.955,0.903,PPO
291,-34.2,0.1762,1.4182,1.6389,0.0002321342812499999,0.0239,0.961,0.91,PPO
292,10.65,0.0974,0.3171,1.4333,0.0002321342812499999,0.0149,0.959,0.854,PPO
293,-24.72,0.4533,1.3831,0.7296,0.0002321342812499999,0.101,0.967,0.859,PPO
294,-22.82,0.9772,1.3395,0.5767,0.0002321342812499999,0.0137,0.928,0.888,PPO
295,-18.79,0.6015,0.9093,1.0613,0.0002321342812499999,0.0494,0.931,0.899,PPO
296,-40.0,0.0062,0.1031,1.3534,0.0002321342812499999,0.1355,0.951,0.897,PPO
297,-13.38,0.6533,2.2223,1.2053,0.0002321342812499999,0.0542,0.948,0.851,PPO
298,-22.33,0.2106,1.253,0.4968,0.0002321342812499999,0.0728,0.924,0.883,PPO
299,3.29,0.5765,0.077,1.6257,0.0002321342812499999,0.092,0.958,0.812,PPO
300,0.7,0.5417,0.2115,0.3726,0.0002205275671874999,0.0803,0.931,0.865,PPO
301,-31.56,0.5518,1.6012,0.2524,0.0002205275671874999,0.0317,0.953,0.895,PPO
302,-6.5,0.6709,1.0977,0.3363,0.0002205275671874999,0.0099,0.981,0.946,PPO
303,-5.04,0.2559,0.9493,1.0809,0.0002205275671874999,0.0493,0.961,0.94,PPO
304,-20.59,1.1141,0.6625,0.9357,0.0002205275671874999,0.0403,0.965,0.857,PPO
305,-13.41,0.3231,0.8828,0.511,0.0002205275671874999,0.0807,0.951,0.807,PPO
306,-7.43,0.6255,0.112,1.6196,0.0002205275671874999,0.1064,0.959,0.924,PPO
307,8.97,0.6721,0.2392,1.9201,0.0002205275671874999,0.1747,0.958,0.891,PPO
308,-4.28,0.1171,0.3558,0.2132,0.0002205275671874999,0.0293,0.962,0.915,PPO
309,-46.55,0.5397,0.7037,0.9395,0.0002205275671874999,0.0235,0.931,0.828,PPO
310,-25.12,0.1235,0.9362,1.0722,0.0002205275671874999,0.0561,0.954,0.857,PPO
311,-19.43,0.5567,0.6362,0.2352,0.0002205275671874999,0.0009,0.96,0.885,PPO
312,-12.25,0.8071,1.0876,1.3266,0.0002205275671874999,0.1337,0.923,0.942,PPO
313,-25.05,0.7463,0.1812,0.7805,0.0002205275671874999,0.012,0.989,0.903,PPO
314,4.36,0.1317,1.5768,0.8805,0.0002205275671874999,0.1386,0.954,0.862,PPO
315,-12.9,0.6522,0.542,0.847,0.0002205275671874999,0.1134,0.937,0.815,PPO
316,-5.09,0.3394,1.2557,1.0027,0.0002205275671874999,0.1935,0.985,0.811,PPO
317,-32.88,0.1063,1.2514,1.6782,0.0002205275671874999,0.0348,0.936,0.86,PPO
318,-8.38,0.4817,1.2501,0.735,0.0002205275671874999,0.0534,0.971,0.863,PPO
319,9.27,0.5849,1.1699,0.2133,0.0002205275671874999,0.0282,0.968,0.821,PPO
320,10.93,0.165,1.2514,1.9934,0.0002205275671874999,0.2493,0.929,0.901,PPO
321,-34.59,0.4149,1.684,1.0192,0.0002205275671874999,0.1169,0.949,0.854,PPO
322,15.46,1.0573,0.9483,1.1516,0.0002205275671874999,0.1239,0.96,0.832,PPO
323,9.69,0.3128,0.1893,1.4204,0.0002205275671874999,0.0434,0.96,0.919,PPO
324,-0.57,0.94,0.4442,0.5965,0.0002205275671874999,0.0036,0.949,0.89,PPO
325,-51.18,0.5359,0.9991,0.6427,0.0002205275671874999,0.0228,0.971,0.804,PPO
326,-1.33,0.5369,0.9434,0.2737,0.0002205275671874999,0.1299,0.964,0.883,PPO
327,-2.47,0.2533,0.9809,0.1429,0.0002205275671874999,0.005,0.98,0.887,PPO
328,-9.49,0.7712,0.8513,1.5247,0.0002205275671874999,0.1312,0.984,0.886,PPO
329,-25.33,0.263,0.6853,0.6822,0.0002205275671874999,0.0749,0.959,0.888,PPO
330,24.6,0.1331,1.0356,0.5066,0.0002205275671874999,0.1294,0.94,0.86,PPO
331,13.01,0.8548,0.9463,1.1727,0.0002205275671874999,0.0999,0.966,0.902,PPO
332,-33.11,0.8021,1.1681,0.5868,0.0002205275671874999,0.0227,0.935,0.821,PPO
333,-13.56,0.8452,0.4337,1.5403,0.0002205275671874999,0.0759,0.973,0.847,PPO
334,-40.47,0.3754,1.017,1.8756,0.0002205275671874999,0.0111,0.941,0.917,PPO
335,1.8,0.8163,0.9523,0.3484,0.0002205275671874999,0.0417,0.967,0.909,PPO
336,-40.78,0.6054,0.0109,0.9122,0.0002205275671874999,0.0047,0.965,0.912,PPO
337,-23.27,0.0746,0.5834,1.5884,0.0002205275671874999,0.0638,0.984,0.856,PPO
338,-4.73,0.58,0.8304,1.917,0.0002205275671874999,0.037,0.946,0.851,PPO
339,-13.54,0.2814,0.854,0.7022,0.0002205275671874999,0.0454,0.977,0.931,PPO
340,2.65,0.3707,1.204,0.3787,0.0002205275671874999,0.0551,0.968,0.942,PPO
341,-35.61,0.8689,2.1103,1.0701,0.0002205275671874999,0.0009,0.928,0.847,PPO
342,-5.38,0.5937,1.5964,1.5285,0.0002205275671874999,0.1258,0.977,0.942,PPO
343,3.57,0.3721,1.201,1.5098,0.0002205275671874999,0.0722,0.967,0.838,PPO
344,-13.99,0.5219,1.0366,1.0034,0.0002205275671874999,0.015,0.979,0.858,PPO
345,-5.84,0.3998,0.3277,1.4687,0.0002205275671874999,0.0212,0.956,0.891,PPO
346,12.96,0.4545,1.2667,0.3003,0.0002205275671874999,0.0839,0.979,0.901,PPO
347,-32.03,0.922,1.1807,0.3139,0.0002205275671874999,0.0608,0.949,0.933,PPO
348,8.91,0.9358,0.5418,1.8899,0.0002205275671874999,0.0837,0.941,0.916,PPO
349,-32.77,0.4091,1.0119,1.954,0.0002205275671874999,0.0264,0.946,0.854,PPO
350,-6.63,0.1398,1.5063,1.0605,0.0002095011888281249,0.0158,0.956,0.821,PPO
351,-7.88,0.3315,0.2233,0.9022,0.0002095011888281249,0.1746,0.975,0.829,PPO
352,-2.16,0.8209,0.4002,0.5876,0.0002095011888281249,0.2316,0.973,0.877,PPO
353,5.9,0.0017,0.9986,1.8493,0.0002095011888281249,0.0021,0.944,0.808,PPO
354,-19.37,0.0956,0.6427,0.3287,0.0002095011888281249,0.0521,0.925,0.909,PPO
355,-14.28,0.7221,1.017,0.7628,0.0002095011888281249,0.1042,0.946,0.893,PPO
356,-23.53,0.5987,1.6264,0.7484,0.0002095011888281249,0.0448,0.951,0.901,PPO
357,11.03,0.5084,0.8938,1.9788,0.0002095011888281249,0.1504,0.954,0.948,PPO
358,-27.93,0.747,1.1129,1.7293,0.0002095011888281249,0.0018,0.927,0.906,PPO
359,-40.02,0.3449,0.7373,1.6723,0.0002095011888281249,0.103,0.92,0.846,PPO
360,-27.17,0.2721,0.1145,0.8931,0.0002095011888281249,0.0472,0.946,0.931,PPO
361,-11.78,0.7748,0.6389,1.9115,0.0002095011888281249,0.0312,0.924,0.845,PPO
362,-32.25,0.1483,1.2322,0.3327,0.0002095011888281249,0.0551,0.964,0.819,PPO
363,-1.63,0.3597,0.5976,1.9154,0.0002095011888281249,0.0085,0.937,0.929,PPO
364,-6.12,0.4278,1.0039,1.5619,0.0002095011888281249,0.0326,0.985,0.936,PPO
365,-23.98,0.2327,0.5739,0.8473,0.0002095011888281249,0.1463,0.958,0.824,PPO
366,-28.98,0.6541,1.0174,1.6132,0.0002095011888281249,0.1969,0.972,0.897,PPO
367,-7.79,0.1413,0.8897,0.8857,0.0002095011888281249,0.0742,0.923,0.841,PPO
368,-18.65,0.4629,0.8012,1.9008,0.0002095011888281249,0.1184,0.93,0.915,PPO
369,15.37,0.3303,1.5986,0.4648,0.0002095011888281249,0.1476,0.93,0.941,PPO
370,12.78,0.6443,0.8987,0.696,0.0002095011888281249,0.0528,0.964,0.853,PPO
371,-4.84,0.1747,0.7785,0.3513,0.0002095011888281249,0.1182,0.934,0.836,PPO
372,8.85,0.0885,1.8044,0.7888,0.0002095011888281249,0.0828,0.978,0.831,PPO
373,17.54,0.4565,0.836,1.3994,0.0002095011888281249,0.0801,0.922,0.904,PPO
374,-17.91,0.4546,0.3021,0.8349,0.0002095011888281249,0.0591,0.926,0.822,PPO
375,-21.26,0.4208,0.4694,0.6846,0.0002095011888281249,0.0045,0.985,0.824,PPO
376,-4.09,0.9961,1.0699,1.1157,0.0002095011888281249,0.0996,0.934,0.825,PPO
377,-15.34,0.6787,1.663,0.7438,0.0002095011888281249,0.0653,0.987,0.911,PPO
378,8.65,0.5729,0.2336,1.5134,0.0002095011888281249,0.0196,0.984,0.864,PPO
379,-4.34,0.4695,0.7121,0.7681,0.0002095011888281249,0.29,0.984,0.885,PPO
380,3.63,0.6748,0.6,1.7121,0.0002095011888281249,0.1908,0.945,0.919,PPO
381,-6.97,0.6714,1.3924,1.7056,0.0002095011888281249,0.0622,0.948,0.808,PPO
382,23.27,0.2172,1.8074,0.7783,0.0002095011888281249,0.0322,0.964,0.828,PPO
383,-4.1,0.9864,0.6728,1.5224,0.0002095011888281249,0.0931,0.954,0.832,PPO
384,-11.73,0.6645,1.4748,1.0976,0.0002095011888281249,0.0059,0.97,0.838,PPO
385,-30.64,0.456,1.3763,1.6943,0.0002095011888281249,0.1187,0.959,0.823,PPO
386,3.56,0.9584,1.4438,1.9533,0.0002095011888281249,0.0761,0.96,0.851,PPO
387,-21.24,0.559,1.504,1.2349,0.0002095011888281249,0.055,0.948,0.871,PPO
388,-17.99,0.774,1.2688,0.4455,0.0002095011888281249,0.0428,0.95,0.825,PPO
389,-3.4,1.0514,0.4162,0.5023,0.0002095011888281249,0.0521,0.923,0.848,PPO
390,12.7,0.5559,0.6342,1.9109,0.0002095011888281249,0.189,0.97,0.94,PPO
391,-43.36,0.558,0.8165,1.1117,0.0002095011888281249,0.0705,0.96,0.89,PPO
392,-17.46,0.1693,1.1738,1.4825,0.0002095011888281249,0.0087,0.985,0.914,PPO
393,-34.95,0.6139,1.5581,1.2447,0.0002095011888281249,0.1508,0.954,0.879,PPO
394,-4.55,0.1246,1.2766,0.453,0.0002095011888281249,0.0548,0.926,0.865,PPO
395,-24.55,1.0797,1.2218,0.7593,0.0002095011888281249,0.1702,0.985,0.938,PPO
396,-50.59,0.5085,0.0389,1.849,0.0002095011888281249,0.032,0.921,0.883,PPO
397,-11.36,1.0114,2.1954,0.5496,0.0002095011888281249,0.0377,0.954,0.864,PPO
398,-18.95,0.69,1.0113,1.5606,0.0002095011888281249,0.1406,0.924,0.887,PPO
399,14.42,0.4362,0.7396,0.1759,0.0002095011888281249,0.1581,0.951,0.887,PPO
400,-46.11,0.7351,0.6607,0.7969,0.00019902612938671867,0.0318,0.927,0.915,PPO
401,-3.41,0.8048,0.4679,1.2985,0.00019902612938671867,0.0995,0.952,0.872,PPO
402,-25.15,0.787,1.2585,0.2068,0.00019902612938671867,0.0222,0.954,0.937,PPO
403,9.63,1.1613,0.6148,1.7189,0.00019902612938671867,0.123,0.959,0.877,PPO
404,-10.94,0.618,0.631,1.3979,0.00019902612938671867,0.0181,0.985,0.886,PPO
405,-4.39,0.1969,0.7494,1.7717,0.00019902612938671867,0.1427,0.965,0.935,PPO
406,-27.77,0.5956,0.5042,1.8268,0.00019902612938671867,0.0633,0.973,0.901,PPO
407,-26.98,0.3272,0.9184,0.529,0.00019902612938671867,0.162,0.963,0.806,PPO
408,-15.91,0.1022,0.8058,0.4867,0.00019902612938671867,0.0306,0.974,0.864,PPO
409,-15.87,0.5149,0.9706,1.6516,0.00019902612938671867,0.0505,0.982,0.813,PPO
410,8.65,0.5239,1.5698,0.354,0.00019902612938671867,0.0387,0.985,0.913,PPO
411,-5.15,0.6252,1.2793,0.6236,0.00019902612938671867,0.0174,0.943,0.905,PPO
412,3.47,0.323,0.9339,0.8357,0.00019902612938671867,0.0072,0.94,0.846,PPO
413,15.85,0.3521,1.5274,0.4432,0.00019902612938671867,0.0187,0.986,0.833,PPO
414,14.58,0.2668,1.7794,0.9447,0.00019902612938671867,0.153,0.972,0.834,PPO
415,-11.2,0.4038,0.3643,0.7741,0.00019902612938671867,0.0098,0.948,0.809,PPO
416,10.91,0.5623,1.1538,1.363,0.00019902612938671867,0.1096,0.949,0.905,PPO
417,-5.47,0.2862,0.8591,0.7997,0.00019902612938671867,0.0098,0.989,0.863,PPO
418,9.68,0.5013,1.3094,1.6158,0.00019902612938671867,0.1638,0.981,0.869,PPO
419,-55.24,0.3455,0.6171,1.1445,0.00019902612938671867,0.0035,0.949,0.932,PPO
420,2.48,0.3568,0.6751,1.9465,0.00019902612938671867,0.0084,0.956,0.844,PPO
421,14.93,0.4706,0.5244,0.3452,0.00019902612938671867,0.0604,0.941,0.917,PPO
422,-38.81,0.4518,0.7579,1.8859,0.00019902612938671867,0.0966,0.944,0.948,PPO
423,-34.49,0.4816,0.9506,1.4484,0.00019902612938671867,0.0976,0.989,0.808,PPO
424,-2.29,0.3472,0.5768,0.1748,0.00019902612938671867,0.0585,0.922,0.916,PPO
425,-9.76,0.1676,0.3456,0.1515,0.00019902612938671867,0.1934,0.975,0.802,PPO
426,0.15,0.5791,1.642,1.0063,0.00019902612938671867,0.2426,0.947,0.933,PPO
427,-13.84,0.7204,1.3386,1.9279,0.00019902612938671867,0.0183,0.956,0.868,PPO
428,-2.8,0.1729,0.5072,0.8694,0.00019902612938671867,0.097,0.99,0.808,PPO
429,-23.5,0.5448,0.8974,1.0699,0.00019902612938671867,0.1173,0.938,0.847,PPO
430,-12.7,0.3386,1.3989,1.8282,0.00019902612938671867,0.1859,0.92,0.922,PPO
431,-13.94,0.5074,0.8304,1.4165,0.00019902612938671867,0.1643,0.971,0.949,PPO
432,-1.0,0.0412,0.196,0.4214,0.00019902612938671867,0.0845,0.988,0.928,PPO
433,42.79,0.4878,1.1221,1.4204,0.00019902612938671867,0.1521,0.956,0.949,PPO
434,-38.82,0.9067,0.6946,0.8306,0.00019902612938671867,0.0504,0.944,0.865,PPO
435,-9.05,0.953,1.1777,0.7499,0.00019902612938671867,0.1366,0.977,0.836,PPO
436,-6.81,0.0371,1.0821,0.9465,0.00019902612938671867,0.2196,0.988,0.886,PPO
437,13.87,0.5596,1.8158,0.8069,0.00019902612938671867,0.0622,0.926,0.869,PPO
438,12.73,0.414,1.3798,1.9366,0.00019902612938671867,0.0292,0.951,0.848,PPO
439,31.84,0.5813,1.4698,0.1981,0.00019902612938671867,0.09,0.923,0.858,PPO
440,-34.31,0.1761,0.0109,0.4653,0.00019902612938671867,0.0101,0.942,0.946,PPO
441,-33.51,0.1371,1.1448,0.559,0.00019902612938671867,0.0046,0.968,0.907,PPO
442,-22.63,0.561,0.7712,1.2327,0.00019902612938671867,0.0186,0.972,0.832,PPO
443,-9.79,0.8615,0.7788,1.9113,0.00019902612938671867,0.0341,0.925,0.83,PPO
444,17.17,0.0418,0.4725,0.6505,0.00019902612938671867,0.0126,0.937,0.832,PPO
445,26.07,0.2845,0.7074,0.8427,0.00019902612938671867,0.124,0.988,0.943,PPO
446,-19.48,0.7196,0.9015,0.6069,0.00019902612938671867,0.0465,0.955,0.917,PPO
447,-4.81,0.5317,1.6973,0.6944,0.00019902612938671867,0.1045,0.924,0.905,PPO
448,-7.2,0.4678,1.6101,1.5559,0.00019902612938671867,0.1077,0.941,0.922,PPO
449,-16.07,0.0364,1.466,1.976,0.00019902612938671867,0.1097,0.936,0.899,PPO
450,8.37,0.5598,1.2365,1.1797,0.00018907482291738271,0.0646,0.939,0.871,PPO
451,10.53,0.0412,1.0851,1.3003,0.00018907482291738271,0.0955,0.956,0.808,PPO
452,-7.59,0.0253,0.5298,1.0579,0.00018907482291738271,0.0561,0.943,0.839,PPO
453,-28.59,0.4676,0.6985,1.5742,0.00018907482291738271,0.0318,0.977,0.915,PPO
454,-0.41,0.2526,1.1383,1.3282,0.00018907482291738271,0.1195,0.952,0.879,PPO
455,-4.59,0.4028,0.9375,0.656,0.00018907482291738271,0.0805,0.958,0.82,PPO
456,13.41,0.6938,0.1858,0.3028,0.00018907482291738271,0.2042,0.965,0.93,PPO
457,2.07,0.8324,0.7969,0.8316,0.00018907482291738271,0.0617,0.986,0.892,PPO
458,3.89,0.746,1.1622,0.6227,0.00018907482291738271,0.0533,0.965,0.851,PPO
459,0.05,0.4506,1.3817,1.9514,0.00018907482291738271,0.0511,0.988,0.81,PPO
460,3.42,0.8216,0.5604,1.3354,0.00018907482291738271,0.0349,0.989,0.937,PPO
461,-17.12,0.4785,1.5409,1.4328,0.00018907482291738271,0.0456,0.952,0.808,PPO
462,-27.42,0.2494,1.1002,0.6921,0.00018907482291738271,0.0609,0.957,0.81,PPO
463,-7.58,0.569,0.0955,1.3968,0.00018907482291738271,0.0335,0.966,0.907,PPO
464,-24.19,0.1602,1.1752,0.1756,0.00018907482291738271,0.0844,0.962,0.93,PPO
465,-8.66,0.7902,0.5987,1.3745,0.00018907482291738271,0.0077,0.977,0.837,PPO
466,17.36,0.4182,0.8297,1.1461,0.00018907482291738271,0.05,0.933,0.815,PPO
467,-10.32,0.8537,1.2984,0.2736,0.00018907482291738271,0.2024,0.973,0.887,PPO
468,-15.93,0.3507,1.5748,0.1332,0.00018907482291738271,0.0297,0.923,0.886,PPO
469,-16.77,0.7979,1.5473,0.621,0.00018907482291738271,0.1709,0.922,0.91,PPO
470,17.81,1.0548,1.4216,0.4912,0.00018907482291738271,0.1163,0.945,0.819,PPO
471,1.74,0.2586,0.4268,0.3007,0.00018907482291738271,0.0466,0.977,0.887,PPO
472,20.01,0.6633,1.4229,0.2068,0.00018907482291738271,0.0514,0.972,0.928,PPO
473,12.12,0.0895,1.0997,0.1635,0.00018907482291738271,0.0081,0.961,0.825,PPO
474,-22.72,0.666,0.983,1.8382,0.00018907482291738271,0.1595,0.935,0.822,PPO
475,-5.71,0.9867,0.3817,0.3978,0.00018907482291738271,0.0676,0.968,0.889,PPO
476,-21.85,0.8231,0.0848,1.9698,0.00018907482291738271,0.1194,0.94,0.844,PPO
477,11.65,0.0867,1.1571,0.6048,0.00018907482291738271,0.0187,0.983,0.816,PPO
478,8.13,0.5797,1.3289,1.386,0.00018907482291738271,0.007,0.941,0.828,PPO
479,-17.11,0.4171,1.6793,0.3686,0.00018907482291738271,0.0354,0.929,0.897,PPO
480,-15.37,0.8223,1.2482,1.3865,0.00018907482291738271,0.2075,0.968,0.894,PPO
481,13.87,0.4668,1.6088,1.9841,0.00018907482291738271,0.0255,0.931,0.904,PPO
482,9.3,0.3087,1.1083,1.8294,0.00018907482291738271,0.0303,0.947,0.895,PPO
483,-39.96,0.08,1.5346,1.8787,0.00018907482291738271,0.0773,0.986,0.826,PPO
484,1.92,0.6753,0.9498,0.6092,0.00018907482291738271,0.0057,0.984,0.895,PPO
485,-24.63,0.7619,1.7249,0.3776,0.00018907482291738271,0.1426,0.978,0.835,PPO
486,-26.82,1.0157,0.5518,0.1321,0.00018907482291738271,0.0219,0.984,0.84,PPO
487,-19.11,0.247,1.1111,1.84,0.00018907482291738271,0.0078,0.955,0.919,PPO
488,-17.28,0.4102,1.4045,0.8188,0.00018907482291738271,0.0584,0.926,0.851,PPO
489,-4.76,0.5313,0.4066,1.9737,0.00018907482291738271,0.0298,0.977,0.842,PPO
490,-1.1,0.2046,0.997,1.7016,0.00018907482291738271,0.0784,0.951,0.906,PPO
491,-20.65,0.6642,1.682,0.2343,0.00018907482291738271,0.1379,0.945,0.88,PPO
492,-5.39,0.5474,0.8612,1.6131,0.00018907482291738271,0.1291,0.962,0.933,PPO
493,29.41,0.0569,0.4181,0.3742,0.00018907482291738271,0.1832,0.927,0.803,PPO
494,-12.06,0.6468,1.3432,0.708,0.00018907482291738271,0.0839,0.955,0.824,PPO
495,-10.44,0.811,0.7182,0.1164,0.00018907482291738271,0.0415,0.921,0.888,PPO
496,17.82,0.3513,0.9917,1.4643,0.00018907482291738271,0.0106,0.951,0.91,PPO
497,8.36,0.3282,0.322,0.5498,0.00018907482291738271,0.0415,0.964,0.924,PPO
498,-35.94,0.3382,1.1932,0.9514,0.00018907482291738271,0.0838,0.954,0.831,PPO
499,-34.3,0.8944,0.9964,1.0232,0.00018907482291738271,0.0178,0.96,0.938,PPO
500,-9.49,0.9167,1.3187,1.0355,0.00017962108177151359,0.1616,0.933,0.87,PPO
